cohort,submission_n,submitted_utc,essay_blank,essay_chars,T1_everyday_coffee,T2_clarity_pace,T3_visual_immersion,T4_affect_stigma,T5_concepts_prior,T6_limits_friction,theme_count,themes_flagged,needs_manual_review,essay
DD,1,2026-03-22 07:20:58 UTC,0,124,1,0,0,0,0,1,2,T1_everyday_coffee;T6_limits_friction,0,The way they connected organic chemistry to coffee was interesting but it didn't change how I think about organic chemistry.
DD,2,2026-03-14 04:10:08 UTC,0,80,0,1,0,0,0,0,1,T2_clarity_pace,0,I like that they try to break it down in an understandable way and use examples.
DD,4,2026-03-14 04:14:30 UTC,0,28,0,0,1,0,0,0,1,T3_visual_immersion,0,I liked observing the models
DD,5,2026-03-15 06:17:25 UTC,0,240,0,0,0,1,0,1,2,T4_affect_stigma;T6_limits_friction,0,Nothing stood out to me and nothing changed how I think about organic chemistry. I've just heard from all around me how difficult and scary and grade tanking it is that this video is not going to magically make me feel comfortable about it.
DD,6,2026-03-14 04:26:29 UTC,0,161,1,0,0,0,0,0,1,T1_everyday_coffee,0,"Probably the connection to coffee, I thought that was interesting. It showed me that chemistry does play a role in everyday life, though it may not seem like it."
DD,7,2026-03-14 20:25:04 UTC,0,176,0,0,0,1,0,0,1,T4_affect_stigma,0,This video stood out to me because at first I was very scared to take organic chemistry but now I feel like its a course that is not going to be as bad as it is made out to be.
DD,8,2026-03-14 04:26:24 UTC,0,47,0,0,0,0,0,1,1,T6_limits_friction,0,No it didn't really change how I think of ochem
DD,9,2026-03-14 04:25:54 UTC,0,20,0,0,1,0,0,0,1,T3_visual_immersion,0,I liked the visuals.
DD,10,2026-03-14 04:33:51 UTC,0,229,1,0,0,0,0,0,1,T1_everyday_coffee,0,"I really enjoyed the background of the video as a cafe, because it tied really well to the information about coffee. I think it's nice knowing that organic chemistry is all around us and can be tied to even mundane parts of life."
DD,11,2026-03-14 04:34:21 UTC,0,42,0,0,0,0,0,0,0,,1,It gave me more context to why we learn it
DD,12,2026-03-14 06:12:26 UTC,0,226,0,1,0,1,0,0,2,T2_clarity_pace;T4_affect_stigma,0,"What stood out to me most about this video is how they made it really simple and straightforward, making the concepts easy to understand. This changed how I thought about organic chemistry because it made it less intimidating."
DD,13,2026-03-14 04:42:34 UTC,0,171,1,0,0,0,0,0,1,T1_everyday_coffee,0,I found I engaged most with the video as it discussed chemistry properties in coffee and as I drink caffeine everyday I saw how chemistry interacts with my own daily life.
DD,15,2026-03-14 04:48:37 UTC,0,109,0,0,0,0,1,0,1,T5_concepts_prior,0,A lot of points stood out in the video and it made me think about how much of the world is made up of carbon.
DD,16,2026-03-14 04:48:21 UTC,0,141,0,0,0,1,1,0,2,T4_affect_stigma;T5_concepts_prior,0,I appreciated that they tried to make organic chemistry seem less intimidating by just introducing it as the study of carbon-based molecules.
DD,17,2026-03-14 05:52:12 UTC,0,171,1,0,0,0,0,0,1,T1_everyday_coffee,0,I don't have to take organic chemistry because it's not required for my major. The video was interesting in the way they connected everyday items like coffee to chemistry.
DD,18,2026-03-18 07:46:14 UTC,0,69,0,0,1,0,0,0,1,T3_visual_immersion,0,Having several different visuals helped me understand content better.
DD,19,2026-03-14 05:09:32 UTC,0,87,0,0,0,1,0,0,1,T4_affect_stigma,0,The way the presentors sounded calm and collected made the topic seem less intimidating
DD,20,2026-03-14 05:10:40 UTC,0,67,0,1,0,0,0,0,1,T2_clarity_pace,0,Mainly the simple and understandable way the topics were explained.
DD,21,2026-03-14 05:18:05 UTC,0,161,1,0,0,0,0,0,1,T1_everyday_coffee,0,The thing that stood out to me is how certain molecules react with our smell receptors and other senses. It made me think about molecules in every day scenarios.
DD,22,2026-03-16 00:55:49 UTC,0,198,1,0,1,0,0,0,2,T1_everyday_coffee;T3_visual_immersion,0,I liked the visual representation of the molecules. I found it interesting when they were talking about how different chemicals interact with parts of the brain and the effect they have on the body.
DD,23,2026-03-14 05:17:13 UTC,0,128,1,0,0,0,0,0,1,T1_everyday_coffee,0,"I liked that they acknowledged it was difficult but ultimately rewarding, and gave examples of how it relates to the real world."
DD,24,2026-03-14 06:39:29 UTC,0,287,0,0,0,1,0,0,1,T4_affect_stigma,0,"I liked how easily it broke down the content. I also feel like the negative attitude that professors in ochem may have, such as beginning the course by saying this will be a weeder course and most of you will struggle makes it challenging to feel like one has the possibility to succeed."
DD,25,2026-03-14 05:25:32 UTC,0,419,1,1,0,0,1,0,3,T1_everyday_coffee;T2_clarity_pace;T5_concepts_prior,0,"What stood out to me most in the video was when they explained exactly what organic chemistry was and how it is applicable to our everyday life. I had always heard these weres as being daunting, so hearing them break down the definition of organic chemistry with material I already known from gen chem made it easy to understand. It was also interesting to hear about how organic chemistry applies to our everyday life."
DD,26,2026-03-14 05:22:49 UTC,0,151,1,0,0,0,0,0,1,T1_everyday_coffee,0,"I think coffee and chemistry is a really cool concept, especially as someone who worked as a barista in high school, it was cool to see this connection"
DD,27,2026-03-14 05:30:29 UTC,0,370,1,1,0,0,0,0,2,T1_everyday_coffee;T2_clarity_pace,0,"I enjoyed the fact that the video made chemistry feel very approachable and grounded by showing how it is part of everyday life. I did not have a negative conception of organic chemistry before, although I had heard things about it being difficult from other students. The video introduced it to me again in an exciting way that makes me look forward to it next quarter."
DD,28,2026-03-14 05:36:28 UTC,0,147,0,0,1,0,1,0,2,T3_visual_immersion;T5_concepts_prior,0,"What stood out to me the most was what wedges and hashes tell us and how they indicate their 3D dimensional structures, which I didn't know before."
DD,29,2026-03-14 05:52:18 UTC,0,315,1,0,0,0,0,0,1,T1_everyday_coffee,0,"I think that the approach of relating Organic Chemistry to something that most college students rely on (coffee and caffeine) definitely aids the ability to understand how it relates to the real world. Additionally, it takes something that we understand on a macro level, and explains how it works on a micro level."
DD,30,2026-03-14 06:02:31 UTC,0,277,0,1,0,1,1,0,3,T2_clarity_pace;T4_affect_stigma;T5_concepts_prior,0,"I didn't realize that organic chemistry was about carbon specifically (I originally just thought it was about the shapes of molecules). I think the video made the main concepts of organic chemistry seem a lot simpler than I had originally thought it to be, which is reassuring."
DD,31,2026-03-15 21:53:02 UTC,0,68,0,0,0,0,1,0,1,T5_concepts_prior,0,Organic chemistry builds a lot on previous general chemistry topics.
DD,32,2026-03-14 05:45:24 UTC,0,150,0,0,0,0,1,0,1,T5_concepts_prior,0,"OChem primarily focuses on carbon, so I'm now wondering how in-depth we will go into studying carbon. What in particular are we studying about carbon?"
DD,33,2026-03-14 05:58:38 UTC,0,163,0,0,1,0,0,0,1,T3_visual_immersion,0,I enjoyed looking at the diagrams and graphics that were provided because it helped to visualize things. It helped to understand what organic chemistry looks like.
DD,34,2026-03-14 05:57:37 UTC,0,66,0,0,0,0,0,0,0,,1,"Understanding what it even is, because I did not know this before."
DD,35,2026-03-14 06:12:05 UTC,0,112,1,0,0,0,0,0,1,T1_everyday_coffee,0,"I liked the real world application to several aspects of coffee such as the smell, stimulant effects, and taste."
DD,36,2026-03-14 06:11:18 UTC,0,199,0,0,0,0,0,0,0,,1,"I liked how the video was understanding that organic chemistry is normally seen to be very difficult, but then had a postive attitude about the ability to learn the topics. This was very encouraging."
DD,37,2026-03-14 06:40:09 UTC,0,128,0,0,1,1,0,0,2,T3_visual_immersion;T4_affect_stigma,0,I really enjoyed the graphics and the diagrams that the video used. It made me feel less nervous about taking organic chemistry.
DD,38,2026-03-14 06:13:16 UTC,0,402,1,0,0,0,1,0,2,T1_everyday_coffee;T5_concepts_prior,0,"I liked the real life application of the explanations. For instance, how the structure of molecules in coffee or sucralose relate to how our olfactory receptors can receive or not receive information about the smell. The connections of organic chemistry to real world experiences made me more excited to learn organic chemistry, which has been thought of as an abstract thing isolated from application."
DD,39,2026-03-14 06:13:30 UTC,0,112,0,0,0,0,1,0,1,T5_concepts_prior,0,It taught me the structure of organic molecules which seems very interesting and clears up with Organic Chem is!
DD,40,2026-03-14 07:13:10 UTC,0,378,0,0,0,1,0,0,1,T4_affect_stigma,0,"What stood out to me was how they made what seemed like a normal conversation into a specific teaching moment periodically and helped me begin to understand the ""drawings"" of org. chemistry that everyone warns me about, without having practiced that skill yet. The video made me less worried about my ability to understand the concepts that will be presented to me next quarter."
DD,41,2026-03-14 06:17:05 UTC,0,98,0,1,0,0,0,0,1,T2_clarity_pace,0,"liked how simple the concepts started, in this format building difficulty would be super effective"
DD,42,2026-03-14 06:23:36 UTC,0,336,0,1,1,0,1,0,3,T2_clarity_pace;T3_visual_immersion;T5_concepts_prior,0,"What stood out to me the most is the brief introduction to concepts that we will be learning, such as shorthand diagrams of molecules and the stereochemistry behind them. It didn't really change how I think about organic chemistry in any way, but it was useful to see a simple visualization and explanation such as the one in the video."
DD,43,2026-03-14 06:41:08 UTC,0,118,0,0,0,1,0,0,1,T4_affect_stigma,0,"I liked how it made organic chemistry seem less intimidating, and helped me understand the basics a little bit better."
DD,44,2026-03-14 06:27:08 UTC,0,333,0,0,1,1,0,1,3,T3_visual_immersion;T4_affect_stigma;T6_limits_friction,0,"What stood out to me in this video was the simplicity of explaining where carbons are located, what slashes or wedges represent, etc., compared to a textbook that is generally dense and heavily worded. It did not change how i think about ochem. I feel pretty neautral about taking it. I'm not scared but I'm definitely not confident."
DD,45,2026-03-14 06:31:00 UTC,0,207,1,0,0,0,0,0,1,T1_everyday_coffee,0,How organic chemistry is everywhere around us. It changed how I think about organic chemistry because it showed me that it will be helpful to understand in order to further my appreciation of my own studies.
DD,46,2026-03-14 06:34:10 UTC,0,93,0,1,1,0,0,0,2,T2_clarity_pace;T3_visual_immersion,0,The animations stood out the most to me since they made it easier to understand the concepts.
DD,47,2026-03-14 06:33:04 UTC,0,120,1,0,1,0,0,0,2,T1_everyday_coffee;T3_visual_immersion,0,Adding the physical diagram alongside the drawn one helped me visualize the atom and how it connected to the real world.
DD,48,2026-03-14 06:33:59 UTC,0,227,0,0,0,0,0,0,0,,1,"I don't know what I expected from organic chemistry, but this video made it seem a lot less intimadating. I didn't really know it involved more shape like structures than math concepts, which is something I now look forward to."
DD,49,2026-03-14 06:37:24 UTC,0,105,1,0,1,0,0,0,2,T1_everyday_coffee;T3_visual_immersion,0,I liked how it used real world examples like the coffee and visuals while also using scientific language.
DD,50,2026-03-15 22:00:32 UTC,0,146,0,0,1,1,0,0,2,T3_visual_immersion;T4_affect_stigma,0,What stood out most to me about the video was its interactive nature. It made me feel a little less scared about learning about organic chemistry.
DD,51,2026-03-14 06:59:30 UTC,0,188,0,0,1,0,0,0,1,T3_visual_immersion,0,"I liked how instead of saying like locations of where the hydrogens would attach to, the narrator said they would go ""here"", and then visually showed us what he meant. It was very affable."
DD,52,2026-03-14 06:57:42 UTC,0,162,1,0,0,0,0,0,1,T1_everyday_coffee,0,I was interested in how the molecules have different properties that are manifested through taste or smell. It made me realize that ochem can be made interesting!
DD,53,2026-03-14 07:27:03 UTC,0,194,1,0,0,0,0,0,1,T1_everyday_coffee,0,"What stood out to me most was the modern day/real world example of w=a way that chemistry works in real like, which made me see chemistry as more important and more relevsnt to my everyday life."
DD,54,2026-03-14 07:43:14 UTC,0,150,1,0,0,0,0,0,1,T1_everyday_coffee,0,"Just how much organic chemostry is actually apparent in everyday life, from coffe to brain pathways! It definetly made me appreciate the subject more."
DD,55,2026-03-14 18:39:30 UTC,0,94,0,1,1,0,0,0,2,T2_clarity_pace;T3_visual_immersion,0,"The visuals stood out to me most, as it presented ideas in a way that was easier to understand"
DD,56,2026-03-14 08:01:11 UTC,0,143,0,0,1,0,0,0,1,T3_visual_immersion,0,What stood out to me most is just the different orientation of the wedges and the hashes can completely change the molecule and its properties.
DD,57,2026-03-14 10:31:31 UTC,0,105,1,0,0,0,0,0,1,T1_everyday_coffee,0,I liked the connection between organic chemistry and coffee--could really see the real-world application.
DD,58,2026-03-14 08:12:48 UTC,0,201,0,0,0,0,0,0,0,,1,"The most notable thing about this video to me was that I had already learned many of the concepts discussed there before, which assuaged some of my concerns regarding the unfamiliarity of the material."
DD,59,2026-03-14 08:09:34 UTC,0,195,0,0,0,1,0,0,1,T4_affect_stigma,0,"I appreciated the nuanced perspective of organic chemistry. As someone who has long feared organic chemistry, this video slightly put me at ease and made the class seem slightly less intimidating"
DD,60,2026-03-14 08:18:01 UTC,0,333,1,0,0,0,0,0,1,T1_everyday_coffee,0,"What stood out to me in this video is how organic chemistry tells us more abt why were experiencing everyday life the way we do. For example the stimulation of coffee, and how thats connected to the organic molecule. It helps us take a magnifying glass into what we see around us. I am a pretty curious person, so this is intriguing."
DD,61,2026-03-18 01:45:53 UTC,0,157,0,0,1,0,0,0,1,T3_visual_immersion,0,I think I liked the calming music in the background. The visuals were also really helpful. I feel like I felt immersed and the knowledge stuck decently well.
DD,62,2026-03-14 08:35:19 UTC,0,161,0,0,0,0,1,0,1,T5_concepts_prior,0,It changed the way I thought about organic chemistry because it gave me a different perspective when they simplified the definition of what organic chemistry is.
DD,63,2026-03-14 08:35:51 UTC,0,16,0,0,0,0,0,0,0,,1,"Not much, sorry."
DD,64,2026-03-14 16:07:06 UTC,0,166,0,1,0,1,0,0,2,T2_clarity_pace;T4_affect_stigma,0,I really like how they made it easy to understand and engaging. I think it did change the way I think about organic chemistry because I do not feel as scared anymore.
DD,65,2026-03-14 16:15:21 UTC,0,165,0,1,1,0,1,0,3,T2_clarity_pace;T3_visual_immersion;T5_concepts_prior,0,I liked how it summarized basically what organic chemistry is in 4 minutes without adding unecessary bluff and it is was simple to understand through visualizations!
DD,66,2026-03-14 16:42:19 UTC,0,21,1,0,0,0,0,0,1,T1_everyday_coffee,0,O chem is everywhere!
DD,67,2026-03-15 17:47:57 UTC,0,119,0,1,0,0,0,1,2,T2_clarity_pace;T6_limits_friction,0,"I couldn't find the video and it was unclear where I could find it, so I started the quiz thinking it might be in here."
DD,68,2026-03-14 17:47:48 UTC,0,110,0,0,0,1,0,0,1,T4_affect_stigma,0,The way the information was presented to me simplified things and eased by nervousness about organic chemistry
DD,69,2026-03-14 18:40:20 UTC,0,10,0,0,0,0,1,0,1,T5_concepts_prior,0,volatility
DD,70,2026-03-14 18:36:45 UTC,0,147,1,0,1,0,0,0,2,T1_everyday_coffee;T3_visual_immersion,0,"The interactive visuals and friendly atompsohere (friendly faces, voices, coffee shop) helped introuce organic chemistry to me in a positive light."
DD,71,2026-03-14 18:48:32 UTC,0,147,1,0,0,0,0,0,1,T1_everyday_coffee,0,I thought the description of the coffee molecules was interesting and brought organic chemistry to something most people are already familiar with.
DD,72,2026-03-14 19:10:09 UTC,0,156,0,1,0,0,1,0,2,T2_clarity_pace;T5_concepts_prior,0,"I liked how they explained in a way that was simple and easy to understand, especially for someone like me who has only learned general chemistry materials."
DD,73,2026-03-14 19:59:56 UTC,0,142,0,0,0,0,0,0,0,,1,I think it was a good review from things that I sort of knew and I also like that they are trying to take away the worry of taking ochem next.
DD,74,2026-03-16 00:33:16 UTC,0,195,1,0,0,0,0,0,1,T1_everyday_coffee,0,"It was cool how they applied organic chemistry to coffee. What more was cool was how thorough they explained it, made me realize that even daunting concepts like Ochem can be understood smoothly."
DD,75,2026-03-14 20:11:58 UTC,0,117,0,0,0,1,0,0,1,T4_affect_stigma,0,"I am much more excited to learn about it and look forward to it somewhat now, because before I was really dreading it"
DD,76,2026-03-14 19:47:03 UTC,0,206,1,0,0,1,0,0,2,T1_everyday_coffee;T4_affect_stigma,0,The idea that organic chemistry is a dreaded and misunderstood subject stood out to me the most. I appreciated that the video gave examples of real ways that organic chemistry dictates everyday experiences.
DD,77,2026-03-14 19:53:21 UTC,0,386,1,0,0,0,1,0,2,T1_everyday_coffee;T5_concepts_prior,0,I liked how the video defines what organic chemistry is and provided a thorough example about an everyday item and how it relates to organic chemistry. I also like how the video was not overlyconfusing and built upon topics that are taught in general chemistry. This lightens the nerves I have for taking organic chemistry a little and also helps me see the relevance of learning ochem.
DD,78,2026-03-14 20:46:11 UTC,0,334,0,1,0,0,1,0,2,T2_clarity_pace;T5_concepts_prior,0,"They tried to present the subject in a very simple way, probably assuming some of us understood some of the basic chemistry principles they mentioned like how many bonds carbon can form. It didn't really change the way I think about organic chemistry but I know it is actually more difficult than they painted it to be in the video..."
DD,79,2026-03-14 20:46:21 UTC,0,161,0,0,0,0,1,0,1,T5_concepts_prior,0,"What stood out to me was how Organic Chemistry is primarily focused on structures with carbon atoms in them, which changed my perspective on what OChem is about."
DD,80,2026-03-14 20:55:11 UTC,0,279,0,0,0,0,0,0,0,,1,"The way concepts were introduced step by step (for beginners) allowed me to understand and see the concept easily fully. It helped me see a ""hard"" concept as an easier one. It also changed my perspective on O-chem just by knowing what it conceptually is and where it can be seen."
DD,81,2026-03-14 21:20:54 UTC,0,81,0,0,0,1,0,0,1,T4_affect_stigma,0,The way that it simplified a topic that so many students find to be intimidating.
DD,82,2026-03-14 21:29:11 UTC,0,150,0,0,0,1,0,0,1,T4_affect_stigma,0,I liked the friendliness. Ochem is a commonly feared subject and it is helpful to know that there are people who recognize that and want to change it.
DD,83,2026-03-15 00:27:55 UTC,0,371,1,0,0,0,0,0,1,T1_everyday_coffee,0,"The thing that stood to me the most in these video is what organic chemistry actually means and how that is applied to our everyday lives. The fact that is is everything we use, such as the coffee we drink, contains organic chemistry, is new to me. This changes the way that I percieve organic chemistry and how I see that it impacts and can be applied to the real world."
DD,84,2026-03-14 21:36:36 UTC,0,98,0,1,1,0,0,0,2,T2_clarity_pace;T3_visual_immersion,0,The immersive nature was helpful. Did change how I view Ochem and makes it seem more approachable.
DD,85,2026-03-14 21:39:21 UTC,0,333,1,0,0,0,1,0,2,T1_everyday_coffee;T5_concepts_prior,0,"I enjoyed learning that the orientation of molecules changes, which receptors can read the sensation and translate the message to the brain. After watching this video, I was interested in why people say organic chemistry is so bad. I think the hardest part will be learning how to draw the structures of these carbon-based molecules."
DD,86,2026-03-14 21:50:09 UTC,0,232,0,0,0,0,0,0,0,,1,I honestly was really unfamiliar with organic chemistry before this video. What stood out the most to me was that food and household items depend on organic compounds. I'm excited to learn how these apply in our course next quarter.
DD,87,2026-03-14 22:10:08 UTC,0,131,1,0,0,0,0,0,1,T1_everyday_coffee,0,"Before I had, it really thought chemistry had an impact on human beings of it was interesting to see how it has an impact on coffee"
DD,88,2026-03-14 22:22:47 UTC,0,189,1,0,0,0,0,0,1,T1_everyday_coffee,0,"It was cute. I appreciated learning about the organic chemistry underlying an everyday thing like cofffee. It was very interesting. I knew most of what was said already, but appreciated it."
DD,89,2026-03-14 22:24:27 UTC,0,211,1,0,0,0,0,0,1,T1_everyday_coffee,0,"One thing that stood out to me in this video was when it talked about coffee, explaining that the exact molecules and how they are arranged are critical, especially for the receptors to receive that information."
DD,91,2026-03-15 22:14:13 UTC,0,291,0,1,1,1,0,0,3,T2_clarity_pace;T3_visual_immersion;T4_affect_stigma,0,The thing that stood out the most to me in the video was that it presented a lot of visual examples rather then just usuing words to explain the concepts. I think this helped me understand the concepts a lot better and faster. This made me a little bit less nervous taking organic chemistry.
DD,92,2026-03-14 22:43:51 UTC,0,311,1,0,0,0,0,0,1,T1_everyday_coffee,0,"What stood out to me most about this video was how involved organic chemistry is within our daily lives. I didn't know the smell of coffee had to do with organic molecules binding to specific receptors in the nose. However, I don't think this video significantly altered the way I think about organic chemistry."
DD,93,2026-03-16 08:51:17 UTC,0,208,0,0,0,0,1,0,1,T5_concepts_prior,0,"I thought the explanation of the short hand ways of writing out different molecules was very helpful. I definitely remember learning about this in 14AE, but I totally forgot about these short hand techniques."
DD,94,2026-03-19 17:17:30 UTC,0,106,0,0,1,0,0,0,1,T3_visual_immersion,0,I thoroughly enjoyed the 3D graphics of the molecules that helped me to visually understand the molecules.
DD,95,2026-03-14 22:53:37 UTC,0,217,1,0,1,0,0,0,2,T1_everyday_coffee;T3_visual_immersion,0,"I liked how the video incorperated visuals and diagrams, which helped me apply the information more effectivley. Explaining material in the context of familliar experiences, such as drinking coffee, is also effective."
DD,96,2026-03-14 23:13:17 UTC,0,145,1,0,0,0,0,0,1,T1_everyday_coffee,0,I enjoyed the breakdown of different molecules in coffee so that the video felt more informative and actually applicable to real-life situations.
DD,97,2026-03-14 23:13:01 UTC,0,119,0,0,0,0,1,0,1,T5_concepts_prior,0,"I didn't really know it was super based on the structures of molecules, I thought it was more like genchem just harder?"
DD,98,2026-03-14 23:11:11 UTC,0,198,1,0,0,0,0,0,1,T1_everyday_coffee,0,"I liked the real world example of multiple different chemical compounds using one cup of coffee, as it helped me connect stuff I already know (what caffeine does) with orgo concepts (its structure)."
DD,99,2026-03-14 23:30:24 UTC,0,208,0,0,1,0,0,0,1,T3_visual_immersion,0,"I liked that there were diagrams and models of the molecules included to help with understanding. It didn't really change how I think about o chem, but I think I already had a good understanding of the topic."
DD,100,2026-03-14 23:50:16 UTC,0,308,0,0,0,0,1,0,1,T5_concepts_prior,0,The fact that organic chemistry is just the study of carbon-based molecules stood out to me. I thought it was the study of how certain molecules interact with other things in relation o biological prcoesses. I did not know that molecules such as water or salts were not directly related to organic chemistry.
DD,101,2026-03-15 00:17:28 UTC,0,152,1,0,0,0,0,0,1,T1_everyday_coffee,0,I liked the reference to coffee and the shop background. I think the video was very introductory and easy to follow for the basics of organic chemistry.
DD,102,2026-03-15 00:46:35 UTC,0,409,1,1,0,0,0,0,2,T1_everyday_coffee;T2_clarity_pace,0,"What stood out to me most baout the video was just how much complex things in the real world can be broken down through organic chemsitry and even moreso broken down into the individual parts of each molecule/how much orientation matters. I would say it did nto relaly change the way I think about organic chemsitry, but was interestign to hear about some ways we can see organic chemistry in our daily lives."
DD,103,2026-03-15 01:24:34 UTC,0,247,0,1,0,1,1,0,3,T2_clarity_pace;T4_affect_stigma;T5_concepts_prior,0,"The video really simplified the concept of organic chemistry to demystify it. I think this helped me be less nervous about it, and showed me that I have already developed an understanding of many fundamental concepts throughout chem 14AE and 14BE."
DD,104,2026-03-15 01:16:48 UTC,0,155,1,1,0,0,0,0,2,T1_everyday_coffee;T2_clarity_pace,0,It felt easy to understand. I did not need to put high efforts to fully comprehend the topics introduced. I loved how we related o-chem to realworld topics
DD,105,2026-03-15 01:43:18 UTC,0,197,0,0,1,1,0,0,2,T3_visual_immersion;T4_affect_stigma,0,The visuals really stood out to me the most as I would say I am a visual learer. It showed me that organic chemistry isn't so intimidating and with the right instruction I could learn the material.
DD,106,2026-03-15 02:11:57 UTC,0,244,0,0,0,1,0,0,1,T4_affect_stigma,0,What stood out to me is that the speakers of the video also said that for too many people organic chemistry can be fearful but to not have fear is that a lot of these concepts will become easier with practice. It gave me some peace and comfort.
DD,107,2026-03-16 05:59:21 UTC,0,130,0,0,0,0,1,0,1,T5_concepts_prior,0,"What stood out to me most in the video was how the interactions between carbon and other molecules, and the way they are arranged."
DD,108,2026-03-15 02:11:50 UTC,0,244,1,0,0,0,0,0,1,T1_everyday_coffee,0,I liked how they talked about coffee because I love coffee and so it was interesting to learn about the effects of caffeine. I didn't know that chemistry affects how we smell things because molecules are interacting with our smelling receptors.
DD,109,2026-03-15 02:10:45 UTC,0,177,1,1,1,0,0,0,3,T1_everyday_coffee;T2_clarity_pace;T3_visual_immersion,0,The visual and narrative format of the video. Using an everyday thing like coffee to explain orgo chem. It made me realize that o chem is present in many things I interact with.
DD,110,2026-03-15 03:01:08 UTC,0,199,1,0,0,0,0,0,1,T1_everyday_coffee,0,The coffee portion of the video was interesting. It put in perspective the molecular components that make up what coffee is in terms of smell and taste. I didn't see coffee in a chemical perspective.
DD,111,2026-03-15 02:58:20 UTC,0,324,1,0,0,0,0,0,1,T1_everyday_coffee,0,"I liked the stucture or pathway they took us through being a everyday or real-life example of how we can see OChem at the cafe. While touching up on basic introduction of the concepts, it made me realize it is a little more applicable that purely conceptual and that it does have more relation my everyday life and problems."
DD,112,2026-03-15 02:23:33 UTC,0,259,1,0,0,0,0,0,1,T1_everyday_coffee,0,"Caffeine is absorbed into out bodies into our brain, the brain grabs adenosine, since caffeine gets into the adenosine receptors we feel stimulated instead of calm. Yes, it made me realize organic chemistry is more applicable to the real world than I thought."
DD,113,2026-03-15 02:26:37 UTC,0,108,1,0,0,0,0,0,1,T1_everyday_coffee,0,I think the video did a good job at getting me excited for organic chemistry and its real-world application.
DD,114,2026-03-15 06:16:45 UTC,0,265,0,0,1,1,0,0,2,T3_visual_immersion;T4_affect_stigma,0,What stood out to me was how much I recognized. I realized that it wasn't all new material and ideas and made me feel slightly less scared about it. I liked how it used so many diagrams and images and made me also realize how three-dimensional organic chemistry is.
DD,115,2026-03-15 03:19:12 UTC,0,78,0,1,1,0,0,0,2,T2_clarity_pace;T3_visual_immersion,0,"The video had easy to understand diagrams, and everything was made very clear."
DD,116,2026-03-17 15:35:48 UTC,0,23,0,0,0,0,0,0,0,,1,the images of moleucles
DD,117,2026-03-15 03:41:28 UTC,0,107,0,0,0,0,0,1,1,T6_limits_friction,0,"It didn't change the way I think about organic chemistry, but I enjoyed how passionate both presenters are."
DD,118,2026-03-15 03:53:03 UTC,0,388,0,1,0,1,0,0,2,T2_clarity_pace;T4_affect_stigma,0,"I think the accessibility of it stood out to me. It was clear and concise but still gave a robust overview of organic chemistry, and eased some of my worries. I also liked how the video acknowledged that organic chemistry is a pretty dreaded subject among college students and took steps to try and mitigate that fear. It didn't erase the difficulty completely, but offered encouragement."
DD,119,2026-03-15 03:58:12 UTC,0,204,0,0,1,0,0,0,1,T3_visual_immersion,0,The video was pretty interesting because it took what usually just looks like diagrams and molecules and applied them to real-life things. I liked the structural visuals as well - they seemed interesting.
DD,120,2026-03-15 04:24:11 UTC,0,97,0,1,0,0,0,0,1,T2_clarity_pace,0,I liked how it explained things concisely. I think I already knew most of the stuff talked about.
DD,121,2026-03-15 04:30:38 UTC,0,324,0,1,0,1,0,0,2,T2_clarity_pace;T4_affect_stigma,0,"What stood out to me most about this video was how they made the introduction to the subject so easily digestible. While I would still say I am nervous to take my first Organic Chemistry class, I did feel a bit more at ease after watching the video because now I know that it won't be some about some wildly foreign concept."
DD,122,2026-03-15 04:40:13 UTC,0,159,0,0,0,1,0,0,1,T4_affect_stigma,0,I feel like the video presented organic chemistry in a way that made it seem more manageable but I still fear for some of the more complex and advanced topics.
DD,123,2026-03-15 04:56:40 UTC,0,49,1,0,0,0,0,0,1,T1_everyday_coffee,0,I enjoyed the real world application with coffee.
DD,124,2026-03-15 05:58:23 UTC,0,116,0,0,1,1,0,0,2,T3_visual_immersion;T4_affect_stigma,0,"I thought it was very immersive, and I think it made me feel a little less anxious about starting organic chemistry."
DD,125,2026-03-15 06:16:38 UTC,0,79,0,0,0,0,0,0,0,,1,i thought it was a good introduction and little insight into organic chemistry.
DD,126,2026-03-15 06:29:49 UTC,0,292,0,0,1,1,0,0,2,T3_visual_immersion;T4_affect_stigma,0,"I liked the animations, they were nice and kept me more captivated. I wish every chemistry video was like this, then maybe I would actually understand what was going on during video lectures. It made me think more about how everything is just chemistry, but I'm still nervous about the class."
DD,127,2026-03-15 07:09:20 UTC,0,97,0,0,1,0,0,0,1,T3_visual_immersion,0,Visual representation and calmness of the video with the right pace and introduction of material.
DD,128,2026-03-15 06:44:17 UTC,0,81,0,1,0,0,0,0,1,T2_clarity_pace,0,How simply organic chemistry was broken down. I was expecting a lengthy defintion
DD,129,2026-03-15 06:57:30 UTC,0,382,1,0,0,1,1,0,3,T1_everyday_coffee;T4_affect_stigma;T5_concepts_prior,0,"When watching the video, it did make me feel a bit nervous for organic chemistry, as it is such a complex course that is very rigorous and tedious. What really stood out to me was the section on caffeine, as I consume more caffeine than I probably should, instead of knowing the cellular context behind it from 7C I can now learn the chemical background through the works of carbon."
DD,130,2026-03-17 07:36:43 UTC,0,214,1,1,0,0,0,0,2,T1_everyday_coffee;T2_clarity_pace,0,"What stood out to me most is that organic chem has so many connections to our everyday lives, even in things such as coffee. the way the video explained it made it feel a lot more digestible and easy to understand."
DD,131,2026-03-15 10:25:46 UTC,0,38,0,1,0,0,0,0,1,T2_clarity_pace,0,It was a much more approachable video.
DD,132,2026-03-15 16:11:48 UTC,0,275,0,1,0,0,1,0,2,T2_clarity_pace;T5_concepts_prior,0,"What stood out to me most was how the structures are easily identifiable. Prior to this, I thought the chemical structures were really difficult to examine. However, I realized that each bond connection and end represents a carbon, and that makes things easier to understand."
DD,133,2026-03-15 17:25:58 UTC,0,22,0,0,0,1,0,0,1,T4_affect_stigma,0,I am less nervous now.
DD,134,2026-03-15 17:55:35 UTC,0,285,1,0,0,1,0,0,2,T1_everyday_coffee;T4_affect_stigma,0,"This video expanded on my perspective of organic chemistry. I used to be nervous about taking organic chemistry because it was a very unfamiliar realm to me. Now I can see how it is applicable to the real world, and that the concepts could be challenging but not as hard to understand."
DD,135,2026-03-15 18:41:44 UTC,0,158,0,0,0,1,0,0,1,T4_affect_stigma,0,I think it brought me some more comfort as I look forward to taking organic chemistry. I do appreciate how they mentioned the stigma around organic chemistry.
DD,136,2026-03-15 18:59:11 UTC,0,220,1,0,0,0,0,1,2,T1_everyday_coffee;T6_limits_friction,0,The video did a good job at connecting day to day ingredients with organic chemistry. It did not change how I think about organic chemistry very much because I've always known that it is applicable to everyday compounds.
DD,137,2026-03-15 19:38:04 UTC,0,139,0,0,0,1,0,0,1,T4_affect_stigma,0,"Not much really stood out, however, I appreciated how the video aimed to provide an intro to O chem to make students feel more comfortable."
DD,138,2026-03-15 20:24:26 UTC,0,89,0,0,0,0,0,0,0,,1,I liked how it was formatted and it allowed me to learn more about what i'm getting into.
DD,139,2026-03-15 20:46:31 UTC,0,97,0,0,1,0,0,0,1,T3_visual_immersion,0,I liked the visuals of the carbonic structures and how C was rewritten for me to understand them.
DD,140,2026-03-15 21:38:49 UTC,0,74,0,0,1,0,0,0,1,T3_visual_immersion,0,I liked the visual aspect where I can see the things he was talking about.
DD,141,2026-03-15 22:01:41 UTC,0,118,0,0,1,0,0,0,1,T3_visual_immersion,0,I think it made me realize that organic chemistry is a LOT to do with visualization and the actual shape of molecules.
DD,142,2026-03-15 22:35:13 UTC,0,111,0,0,1,0,0,0,1,T3_visual_immersion,0,I liked how interactive it was and the use of moving diagrams to draw attention to what we needed to note down.
DD,143,2026-03-15 22:41:17 UTC,0,285,0,0,0,1,0,0,1,T4_affect_stigma,0,"What stood out to me the most about the video is the perspective it placed on me about organic chemistry. I have always been scared about taking the class because I always hear negative things about it and how hard it is, but this has made it a little more bearable to look forward to."
DD,144,2026-03-15 22:57:02 UTC,0,176,0,0,0,0,0,0,0,,1,"The length of the video stood out to me the most because it was short but it covered a decent amount of material. After watching the video, organic chemistry seems more doable."
DD,145,2026-03-15 23:06:40 UTC,0,151,0,0,0,1,0,0,1,T4_affect_stigma,0,After watching the video I am still nervous to take it because there is a lot I am confused on and feel like it will take me a long time to understand.
DD,146,2026-03-15 23:16:28 UTC,0,138,0,0,1,1,0,0,2,T3_visual_immersion;T4_affect_stigma,0,"I really liked the drawings, learning visually is really helpful. It made me realize organic chemistry might not be as scary as I thought."
DD,147,2026-03-16 00:17:29 UTC,0,115,0,0,0,0,1,0,1,T5_concepts_prior,0,"Nothing in particular stood out, but having no experience with chem, I didn't realize how much carbon was involved."
DD,148,2026-03-16 01:26:04 UTC,0,391,0,0,0,0,1,1,2,T5_concepts_prior;T6_limits_friction,0,"To be honest, nothing really stood out to be about this video as it is pretty standard for informational videos, maybe even a little outdated. As someone who didn't really enjoy the content of BE but has always enjoyed the intersection of bio and chem, plus being someone who enjoyed 14AE, I am excited to move on to organic chemistry so I didn't really need convincing to change my mindset."
DD,149,2026-03-16 01:55:41 UTC,0,56,1,0,0,0,0,0,1,T1_everyday_coffee,0,The explanations of how organic molecules make up coffee
DD,150,2026-03-16 02:26:59 UTC,0,307,1,0,0,0,0,0,1,T1_everyday_coffee,0,"What stood out to me most about this video was the fact that o rganic molecules in coffee are typically responsible for the s mell of coffee, t aste of coffee, and s timulant effects. This broadened my perspective about organic chemistry by reminding me of the subject's application to real-world scenarios."
DD,151,2026-03-16 03:10:42 UTC,0,357,0,0,0,0,0,1,1,T6_limits_friction,0,"Nothing really stood out to me about this video. I honestly think trying to make students think the chemistry series here isnt hard is just going to trick them. The chem series is hard, the department doesnt need to lie. Maybe make organic chemistry more appealing by focusing more on why taking the class is useful, such as the MCAT or real word scenarios."
DD,152,2026-03-16 03:23:39 UTC,0,178,0,0,0,0,1,0,1,T5_concepts_prior,0,I didn't know that organic chemistry was the study of carbon based molecules so that seems like very basic information about organic chemistry that it's important for me to know.
DD,153,2026-03-16 03:23:38 UTC,0,161,0,0,0,0,1,0,1,T5_concepts_prior,0,I didn't know that ochem was about carbon based molecules so it gave me some insight to what the class will even be about. It doesn't seem extremely challenging.
DD,154,2026-03-16 18:08:56 UTC,0,169,0,0,0,0,1,0,1,T5_concepts_prior,0,"I didn't know that the drawings in organic chemistry were so intricate, and this made me think how much you can learn about a molecule from the drawing of its structure."
DD,155,2026-03-16 04:43:37 UTC,0,212,1,0,0,1,0,0,2,T1_everyday_coffee;T4_affect_stigma,0,"What stood out to me the most is how organic chemistry is all around us and a part of our daily life. I enjoyed that they described OChem into thing we know about already, making the topic seem less intimidating."
DD,156,2026-03-16 05:06:38 UTC,0,139,0,0,0,0,0,0,0,,1,"Understanding more about what ""organic chemistry"" really is rather than just a daunting term that many pre-med students have to face (lol)."
DD,157,2026-03-16 05:07:44 UTC,0,2,0,0,0,0,0,1,1,T6_limits_friction,0,NA
DD,158,2026-03-16 05:28:00 UTC,0,455,0,0,1,1,1,0,3,T3_visual_immersion;T4_affect_stigma;T5_concepts_prior,0,"I think something that stood out to me most about this video was how the organic molecules are shown visually and explained at the same time. Often times you are only given one way of looking at a way a molecule is drawn, however this video shows how you can look at it and understand it in a different way. It did change the way i think of organic chemistry by making it seem less scarier, seeing what organic chemistry is about helped me be less scared."
DD,159,2026-03-18 06:01:48 UTC,0,83,0,0,0,0,0,0,0,,1,I found it interesting how we don't label hydrogens when drawing the molecules out.
DD,160,2026-03-16 05:48:46 UTC,0,261,1,0,0,0,0,0,1,T1_everyday_coffee,0,"I think the real world application that related organic chemistry and coffee allowed me to think about how organic chemistry can apply to our everyday lives, when prior to the video I saw it as something I wouldn't be able to use anywhere else except for class."
DD,161,2026-03-16 23:44:56 UTC,0,121,0,0,1,1,0,0,2,T3_visual_immersion;T4_affect_stigma,0,I liked the visuals that were shown in the video. It made me feel more comfortable with learning about organic chemistry.
DD,162,2026-03-18 02:44:11 UTC,0,63,0,0,0,0,1,0,1,T5_concepts_prior,0,I didnt know that organic chemistry was about carbon molucules.
DD,163,2026-03-16 06:15:39 UTC,0,83,1,0,0,0,0,0,1,T1_everyday_coffee,0,"I liked that they used the example of coffee, cause it's relative to everyday life."
DD,165,2026-03-16 06:42:08 UTC,0,30,1,0,0,0,0,0,1,T1_everyday_coffee,0,I like the coffee and carbons.
DD,166,2026-03-16 07:36:48 UTC,0,109,1,0,0,0,0,0,1,T1_everyday_coffee,0,It made ochem seem slightly less daunting by showing that it is actually just application of prior knowledge.
DD,167,2026-03-16 09:45:54 UTC,0,163,1,0,0,0,0,0,1,T1_everyday_coffee,0,"I wouldn't say that is necesaarily changed the way I think about organic chemistry, but i think that the real world analogies helped make it a bit more digestable."
DD,168,2026-03-16 16:50:04 UTC,0,100,0,0,0,1,0,0,1,T4_affect_stigma,0,"The light-hearted atmosphere created in the video, it somehow smooth down my nervousness for o-chem."
DD,169,2026-03-16 17:31:11 UTC,0,42,1,0,0,0,0,0,1,T1_everyday_coffee,0,How organic chemistry is in everyday life.
DD,170,2026-03-16 17:28:34 UTC,0,67,0,0,0,1,0,0,1,T4_affect_stigma,0,"I think it was extremely easy, and it made me less scared of Ochem."
DD,171,2026-03-19 05:53:30 UTC,0,657,1,0,0,1,1,0,3,T1_everyday_coffee;T4_affect_stigma;T5_concepts_prior,0,"I didn't know the actual definition of what organic chemistry was before watching the video, so that stuck out to me, but all of the other concepts in the video I was already familiar with from previous biology and chemistry courses I've taken. Also, I know it was probably supposed to make me feel less nervous about taking organic chemistry, but honestly, the fact that a video needed to be made specifically to tell us not to be afraid of organic chemistry reinforced to me that I definitely need to be afraid of taking organic chemistry... It was a good video though, and clearly explained what organic chemistry is and how it relates to the real world."
DD,172,2026-03-20 22:43:28 UTC,0,74,0,0,0,0,0,0,0,,1,"How easy it was to understand, and the info was communicated very clearly."
DD,173,2026-03-16 18:55:40 UTC,0,179,1,0,1,0,0,0,2,T1_everyday_coffee;T3_visual_immersion,0,"I liked how the background and set was engaging. On a chemistry note, I also liked how it was connected to coffee and its smell, something many don't realize its chemistry behind."
DD,174,2026-03-16 20:11:33 UTC,0,342,0,0,0,1,1,0,2,T4_affect_stigma;T5_concepts_prior,0,"What stood out to me about this video was how calming and reassuring both presenters were when explaining Ochem. I also really appreciated how detailed they were when representing bonds, the definition of ochem, and the structures of atoms because it feels super realisitic and actually helpful rather than shoving information down my throat."
DD,176,2026-03-17 08:08:15 UTC,0,191,0,0,1,0,0,0,1,T3_visual_immersion,0,"I noticed how it was slowly explained, and also lots of visual explanations of the concepts which were helpful. I also noticed the unecessary and repetitive music throughout the entire video."
DD,177,2026-03-16 21:33:27 UTC,0,116,1,1,0,0,0,0,2,T1_everyday_coffee;T2_clarity_pace,0,It was interesting to see the ways organic chemistry can explain the way our brain receptors are affected by things.
DD,178,2026-03-16 22:05:08 UTC,0,227,0,0,0,1,0,0,1,T4_affect_stigma,0,I think what stood out to me about this video is that it just gave me more information about organic chem. it has always just been a topic that i was scared to know more about because of how hard they say it is but this helped.
DD,179,2026-03-18 03:50:16 UTC,0,74,1,0,0,0,1,0,2,T1_everyday_coffee;T5_concepts_prior,0,that coffee is the study of carbon molecules i didnt know this beforehand.
DD,180,2026-03-18 08:16:50 UTC,0,124,0,1,0,0,1,0,2,T2_clarity_pace;T5_concepts_prior,0,"What stood out was the way they summarized what organic chemistry is, it sounds hard, but it's not so bad after watching it."
DD,181,2026-03-16 22:31:57 UTC,0,69,0,0,0,0,1,0,1,T5_concepts_prior,0,I think it helped me to kind of figure out what organic chemistry is.
DD,182,2026-03-17 02:11:44 UTC,0,188,0,0,0,1,0,0,1,T4_affect_stigma,0,What stood out to me the most was the statement that organic chemistry at UCLA is not as daunting and dreadful as many make it out to be and that it is actually interesting to learn about.
DD,184,2026-03-16 23:59:35 UTC,0,136,1,1,0,0,0,0,2,T1_everyday_coffee;T2_clarity_pace,0,The cafe was a silly but effective idea that made ochem seem approachable and also demonstrate real life examples of chemical compounds.
DD,185,2026-03-16 23:53:05 UTC,0,122,1,0,0,0,0,0,1,T1_everyday_coffee,0,I really liked how it was compared to everyday items such as coffee which helped make this easier to learn and understand.
DD,186,2026-03-17 00:08:58 UTC,0,149,0,0,0,0,1,0,1,T5_concepts_prior,0,"I liked the way organic chemistry was presented, though it seems memorization-heavy, I also like that it seems less math-heavy than gen chem 1 and 2."
DD,187,2026-03-17 03:24:22 UTC,0,230,0,0,0,0,1,0,1,T5_concepts_prior,0,I was a bit relieved to hear that organic chemistry is centered mainly around carbon and carbon-based molecules. This makes the work and problems that we have gone over in 14B and 14A a lot easier to remember and reference in 14C.
DD,188,2026-03-17 03:53:52 UTC,0,144,0,0,0,1,1,0,2,T4_affect_stigma;T5_concepts_prior,0,"I think they explained in a way that made them look positive so it didn't seem as bad. However, general chemistry is really hard so I am scared."
DD,189,2026-03-17 04:08:08 UTC,0,50,0,0,0,1,0,0,1,T4_affect_stigma,0,It made me less nervous to take organic chemistry.
DD,190,2026-03-17 04:42:45 UTC,0,98,0,0,0,1,0,0,1,T4_affect_stigma,0,I have heard from others that O chem is a challenge so when i watch the video i will be comforted.
DD,191,2026-03-17 04:52:08 UTC,0,51,1,0,0,0,0,0,1,T1_everyday_coffee,0,It was cool learning about a real world application
DD,192,2026-03-19 08:20:15 UTC,0,132,0,1,0,0,1,0,2,T2_clarity_pace;T5_concepts_prior,0,Everything in the video stood out to me. I had no clue what organic chemistry was so it was great to get a brief introduction to it.
DD,193,2026-03-17 12:17:24 UTC,0,197,0,0,0,1,0,0,1,T4_affect_stigma,0,"I really liked the way they explained organic chemistry to make it seem less mysterious and therefore more scary. Though I am still scared to take the subject, it definitely eased my worries a bit!"
DD,194,2026-03-20 00:36:03 UTC,0,162,1,0,0,0,0,1,2,T1_everyday_coffee;T6_limits_friction,0,What stood out to me was the application of organic chemistry to what people interact with daily -- coffee. It did not change how I think about organic chemistry.
DD,195,2026-03-17 22:03:30 UTC,0,94,0,0,0,0,1,0,1,T5_concepts_prior,0,What stood out to me is the definition of organic chemistry. But it didn't really change much.
DD,196,2026-03-17 23:23:13 UTC,0,98,1,0,0,0,0,0,1,T1_everyday_coffee,0,I thought it was interesting to learn about the organic chemistry of coffee because I love coffee.
DD,197,2026-03-17 23:27:08 UTC,0,42,0,1,0,0,0,0,1,T2_clarity_pace,0,I liked that the video was at a good pace.
DD,198,2026-03-18 00:25:18 UTC,0,257,0,1,0,0,0,0,1,T2_clarity_pace,0,I liked how the video explained the points in a concise manner but I was still able to understand the main points. It wasn't too brief or too in depth. It made me realize that organic chemistry doesn't seem as complicated as I might have previously thought.
DD,199,2026-03-18 01:48:54 UTC,0,208,1,0,0,0,1,0,2,T1_everyday_coffee;T5_concepts_prior,0,"What stood out to me is that it showed me how many carbon molecules, in particular, affect the world around us. It helped me change the way I saw organic chemistry because it showed me how broad the topic is."
DD,200,2026-03-18 01:52:31 UTC,0,74,0,0,1,0,0,0,1,T3_visual_immersion,0,That it was very interactive and it helped because I am a visual learner .
DD,201,2026-03-18 02:47:18 UTC,0,142,0,0,1,1,0,0,2,T3_visual_immersion;T4_affect_stigma,0,"I like that they tell me there is nothing to fear. I feel less fearful... I also like how the animations move, it makes it easier to visualize"
DD,202,2026-03-18 02:50:21 UTC,0,238,0,0,0,1,0,0,1,T4_affect_stigma,0,"the video made organic chemistry feel more intuitive and less intimidating. It shifted my thinking from memorization to understanding, and helped me see how mastering the basic rules can make more complex concepts much easier to approach."
DD,203,2026-03-18 05:13:29 UTC,0,153,0,0,0,0,0,0,0,,1,"I think just the way the information was presented was really helpful since I know just hearing the words ""organic chemistry"" can feel very overwhelming."
DD,204,2026-03-18 04:54:37 UTC,0,91,1,0,0,0,0,0,1,T1_everyday_coffee,0,Connecting it to coffee made it seem less complex and showed that it related to everything.
DD,205,2026-03-20 18:06:07 UTC,0,89,0,0,1,0,0,0,1,T3_visual_immersion,0,"I really liked the immersive format, I now see organic chemistry as a fun thing to learn."
DD,206,2026-03-18 22:32:53 UTC,0,302,0,1,0,0,0,0,1,T2_clarity_pace,0,"What stood out to me were the examples they used. Althoguh they were simple, they showcased a lot of what organic chemistry entails and how important it is to learn the subject. This changed how I percieve organic chemistry, going from a difficult class to now one I look foward to taking next quarter."
DD,207,2026-03-19 00:40:20 UTC,0,150,0,0,0,1,0,0,1,T4_affect_stigma,0,I thought this video introduced organic chemistry in a friendly way. I wasn't too nervous about organic chemistry and feel more enlightened by it now.
DD,208,2026-03-19 06:18:49 UTC,0,208,0,0,0,1,1,0,2,T4_affect_stigma;T5_concepts_prior,0,I appreciated how they began by saying that mant fear orgnaic chemistry but to not worry. I feel slightly more confident than I did before because of how they described organic chemistry as just about carbon.
DD,209,2026-03-19 06:48:51 UTC,0,330,1,0,0,1,1,1,4,T1_everyday_coffee;T4_affect_stigma;T5_concepts_prior;T6_limits_friction,0,"Even though we were primarily introduced to bond-line structures in CHEM 14AE, I has amazed by the in-depth explaininagtion and complexity of bond-line stuctures and how it is really the study of how these molecules affect everyday life. Though, it did not change my view on Organic Chemistry, it does ease my nerves a little bit."
DD,210,2026-03-19 23:16:07 UTC,0,349,1,1,0,1,0,1,4,T1_everyday_coffee;T2_clarity_pace;T4_affect_stigma;T6_limits_friction,0,"I don't particularly resonate with real world examples, as in, they dont necessarily improve my learning or my interest. Therefore, there was nothing tha particularly stood outto me and didn't change how I viewed organic chemistry, especially since this is the most simple topic there is and doesn't cover what makes organic chemistry hard or scary."
MQ,1,2026-03-17 05:34:05 UTC,0,363,0,1,0,1,1,0,3,T2_clarity_pace;T4_affect_stigma;T5_concepts_prior,0,"What stood out to me was the structure of organic molecules. It was interesting to see how to write combounds in a more simplified manner. Doing this used to look scary, but after watching the video it seems easier and more straightforward than I originally thought. I am still nervous about taking this course, but I belive with persistant effort I will succeed."
MQ,2,2026-03-11 06:06:16 UTC,0,443,0,1,0,1,0,0,2,T2_clarity_pace;T4_affect_stigma,0,"What stood out to me about this video is that the speakers were reassuring and made me feel more uncomfortable about not understanding organic chemistry right away, whereas a lot of other videos will jump straight in and make everything seem complex, making me feel like I am not smart enough. This video however, not only made me feel validated but also gave a simple and straightfoward introduction to multiple concepts in organic chemistry."
MQ,3,2026-03-10 19:34:20 UTC,0,668,1,1,1,0,0,0,3,T1_everyday_coffee;T2_clarity_pace;T3_visual_immersion,0,"This was such an exciting way to be introduced to organic chemistry! I would say the combination of the immersion and minimalist formats made this video so much more engaging. Instead of the presenters talking to the audience as if they are simply, well an audience, the cafe setting gives the audience (or at least me) the perception that I am at the cafe, increasing my focus. I also appreciate that the concepts were presented in a straightforward way (no overwhelming/dense content, easy to understand language, enthusiatic tone, etc.). While I know organic chemistry won't always be this exciting, it does make me wish there was a video like this for every topic!"
MQ,4,2026-03-14 08:12:16 UTC,0,401,1,0,1,0,0,0,2,T1_everyday_coffee;T3_visual_immersion,0,"One thing that stood out to me in the video was how organic molecules in coffee are responsible for smell, taste, and stimulant effects. It was interesting because when I think of ochem, I really only think about molecule diagrams and symbols, so it was particularly interesting to see the content be applied to real-life scenarios and how it is responsible for things that may affect us in our lives."
MQ,5,2026-03-11 18:19:07 UTC,0,387,1,0,1,1,1,0,4,T1_everyday_coffee;T3_visual_immersion;T4_affect_stigma;T5_concepts_prior,0,"The amount of visuals that was present in the video stood out to me. I am a visual learner, therefore, the visuals of the molecular breakdown of carbon-based molecules and connection to real-world examples (coffee), kept me visually engaged and enhanced my learning. It influenced the way I think about organic chemistry, as I realized it wasn't as intimidating was I originally thought."
MQ,6,2026-03-10 20:36:15 UTC,0,589,0,0,1,0,1,0,2,T3_visual_immersion;T5_concepts_prior,0,"What stood out to me the most about this video was the complexity and 3D nature of organic chemistry via wedges and hashes, in which it helped me realize that molecules aren't simply flat drawings on a page but instead represent physical objects with distinct, specific shapes and conformations that enable the formation of such incredibly intricate carbon-based structures in the natural world. It offered greater excitement for the implications of honing one's understanding of the greater operations of life and carbon-based structures through a strong. foundation in organic chemistry."
MQ,7,2026-03-11 05:21:25 UTC,0,305,1,0,0,1,0,0,2,T1_everyday_coffee;T4_affect_stigma,0,"What stood out to me most about this video is that they approached learning organic chemistry as something fun rather than stressful, and that helped me be less nervous about taking it. I also really enjoyed that they approached it from a useful point of view and how it actually relates to our real life."
MQ,8,2026-03-19 23:52:58 UTC,0,25,0,0,0,0,0,0,0,,1,I really liked the format
MQ,9,2026-03-11 22:15:53 UTC,0,273,0,1,0,1,0,0,2,T2_clarity_pace;T4_affect_stigma,0,"The video explained difficult concepts in simple ways that changed the way I percieve organic chemistry. Initially, I found organic chemistry very intimidating, however now I am more interested and have hope that I will be able to understand if taught thoroughly like this."
MQ,10,2026-03-10 23:40:22 UTC,0,264,0,0,1,0,0,0,1,T3_visual_immersion,0,What stood out to me was the visualization of explaining organic chemistry as I heard the explanation of the topic while seeing the structures and visualizations at the same time which is pretty helpful and changed the way I think about learning organic chemistry.
MQ,11,2026-03-12 23:38:43 UTC,0,170,1,0,1,0,0,0,2,T1_everyday_coffee;T3_visual_immersion,0,I liked how the video included 3D depictions of each molecule in coffee because it made it easier to visualize how the wedges and dashes aligned with the actual 3D model.
MQ,12,2026-03-11 07:24:16 UTC,0,320,0,0,1,0,1,0,2,T3_visual_immersion;T5_concepts_prior,0,"What stood out the most to me was that organic chemistry could be understood seperately from general chemistry, of course not entirely, but it focuses on little to no math. I appreciate the visualizations (i.e, molecular structures, 3D models, etc.) in the course content because I find concepts more enjoyable that way."
MQ,13,2026-03-13 03:47:15 UTC,0,255,0,0,0,1,0,0,1,T4_affect_stigma,0,"It introduced chemsitry in a fun tone rather than the typical scary tone associated with it. It helped me see its not as bad as people amke it seem, rather its the mindset making it difficult. You need to familiarize and have fun with the topics to learn."
MQ,14,2026-03-14 17:01:42 UTC,0,210,1,0,0,0,0,0,1,T1_everyday_coffee,0,"I think that applying the concepts to a real world idea (coffee) helped me to understand the topics better. If i am able to connect what I am learning to real world ideas, I can understand why i am studying it."
MQ,15,2026-03-12 21:45:12 UTC,0,369,1,1,1,0,1,0,4,T1_everyday_coffee;T2_clarity_pace;T3_visual_immersion;T5_concepts_prior,0,"What stood out to me most was how organic chemistry is mainly about carbon and how molecules are structured. I didn’t realize how much information simple drawings like line structures can show. It made me think about organic chemistry as more visual and connected to everyday things like caffeine in coffee, which made it feel more interesting and easier to understand."
MQ,16,2026-03-10 19:24:03 UTC,0,164,1,0,0,0,0,0,1,T1_everyday_coffee,0,I really enjoyed the connection to the real world. It made me more interested in organic chemistry because I saw how it worked in relation to physiology and coffee.
MQ,17,2026-03-11 19:11:39 UTC,0,180,0,0,0,1,0,1,2,T4_affect_stigma;T6_limits_friction,0,It did not really change it as a lot of the information provided was pretty basic and common knowledge. It also did not really dissuade the assertion that Ochem is a weeder course.
MQ,18,2026-03-12 03:59:05 UTC,0,97,0,1,0,0,0,0,1,T2_clarity_pace,0,"The style of the video made organic chemistry a little more understandable and matbe sort of fun,"
MQ,20,2026-03-12 17:30:42 UTC,0,104,1,0,0,0,0,0,1,T1_everyday_coffee,0,"What stood out to me was how chemistry is related to real life. For example, when they mentioned coffee."
MQ,21,2026-03-19 19:39:17 UTC,0,70,1,0,0,0,0,0,1,T1_everyday_coffee,0,I did not realize that smell results from organic molecules receptors.
MQ,22,2026-03-13 01:43:36 UTC,0,248,0,0,0,1,0,0,1,T4_affect_stigma,0,"What stood out to me the most is how much organic chemistry affects our daily lives. It still is an intimidating topic for me, but after watching this video I learned to just enjoy learning it rahter than stressing over the content in the future. `"
MQ,23,2026-03-12 17:21:54 UTC,0,404,0,1,0,1,0,0,2,T2_clarity_pace;T4_affect_stigma,0,"I think what stood out to me most about this video is how simple and meaningful OCHEM is in our lives. At first hearing and thinking of taking organic chemistry scared me especially because everyone around me dreaded the class and i heard it was a nightmare, but not looking at the video and getting more knowledge about what it is made me not be so scared about it. Honestly, I will not know till I try."
MQ,24,2026-03-14 07:16:34 UTC,0,133,1,0,0,0,0,0,1,T1_everyday_coffee,0,"how organic molecules are involved in everyday life in ways we don't even think about. Yes, it seems more interesting and applicable."
MQ,25,2026-03-11 06:52:47 UTC,0,34,0,0,1,0,0,0,1,T3_visual_immersion,0,I liked the animations and visuals
MQ,26,2026-03-17 23:04:06 UTC,0,219,0,0,0,0,0,0,0,,1,"What stood out to me most would have to be the person's enthusiasm about the topic of organic chemistry. Usually when people talk about it, people negatively talk about their experience but I am intrigued to learn more."
MQ,27,2026-03-16 10:06:07 UTC,0,101,0,1,1,0,0,0,2,T2_clarity_pace;T3_visual_immersion,0,"The simple visual examples. It didn't have a lot of stuff, so it didn't look too complicated to read."
MQ,28,2026-03-10 21:33:48 UTC,0,416,1,0,0,0,0,0,1,T1_everyday_coffee,0,What stood out to me the most about this video was the part where they talked about coffee. I knew that chemistry was something we'd see in our daily life but I never connected it to something as usual as coffee. It did change the way I though about organic chemistry because I assumed chemistry was in more complex aspects of our lives but to see that it's in something most of us drink everyday kind of shocked me.
MQ,29,2026-03-10 19:24:10 UTC,0,96,1,1,0,0,0,0,2,T1_everyday_coffee;T2_clarity_pace,0,I liked how they explained everything in simple terms and related it back to a real world topic.
MQ,30,2026-03-12 18:53:22 UTC,0,491,1,1,0,0,1,0,3,T1_everyday_coffee;T2_clarity_pace;T5_concepts_prior,0,"What stood out to me the most was learning about simplified structures, like knowing that even when no element is labeled, we can tell that Carbon is where bonds connect and end. Overall, there are 4 bonds, so any unfulfilled label should have however many Hydrogen bonds attached, which explains the simplified structure of just two lines. It also stood out to me how a real-world example, coffee, was explained, and the molecular concepts were broken down and related to organic chemistry."
MQ,31,2026-03-12 00:08:21 UTC,0,130,1,0,0,0,0,0,1,T1_everyday_coffee,0,"I liked how they connected organic chemistry to things like coffee, because before I did not understand the real world connection."
MQ,32,2026-03-11 03:38:34 UTC,0,347,0,1,1,0,1,0,3,T2_clarity_pace;T3_visual_immersion;T5_concepts_prior,0,"I think the thing that stood out to me the most about this video was how simply they explained such complex topics like the dashes and wedges and carbon using simple termionology. It did change how I thought about organic chemistry in a way because it looks super daunting but after watching this video, it definitely changed my persepctive on it."
MQ,33,2026-03-14 05:54:40 UTC,0,308,0,1,0,1,0,0,2,T2_clarity_pace;T4_affect_stigma,0,Well to be honesty I really didn't know anything about organic chemistry before watching the video. I had only ever heard about how hard of a class it was. The biggest thing that stood out to me was that he was able to explain it in a relatively simply way and it makes me less nervous for organic chemistry.
MQ,34,2026-03-10 23:34:26 UTC,0,267,1,0,0,0,0,0,1,T1_everyday_coffee,0,"How different components of organic chemistry contribute to the smell, taste, and effects of coffee, and how they can change our taste and smell receptors. This made me think about organic chemistry in a real-world context, in the context of a beverage I drink daily."
MQ,35,2026-03-14 23:36:31 UTC,0,249,1,0,0,0,0,0,1,T1_everyday_coffee,0,"I already have studied much of organic chemistry on my own, so nothing was really surprising to me. I think the most useful thing for me was the real-world connections, which is going to make me more aware of the organic chemicals in my environment."
MQ,36,2026-03-11 01:16:20 UTC,0,30,0,0,1,0,0,0,1,T3_visual_immersion,0,The diagrams of the molecules.
MQ,37,2026-03-11 23:33:53 UTC,0,396,1,1,0,1,0,0,3,T1_everyday_coffee;T2_clarity_pace;T4_affect_stigma,0,"I really liked how straightforward this video was and how it introduced what organic chemistry actually is, then walked us through the main ideas step by step. I also liked how organic chemistry was connected to a real-world example, like coffee, because it showed how relevant this concept is in our everyday lives. I think this video made me a little less intimidated and excited to learn more."
MQ,38,2026-03-17 02:00:08 UTC,0,102,1,0,0,0,0,0,1,T1_everyday_coffee,0,I liked that it connected to real-world topics. It made ochem seem less daunting and more interesting.
MQ,39,2026-03-11 19:39:58 UTC,0,109,1,0,1,0,0,0,2,T1_everyday_coffee;T3_visual_immersion,0,"I liked the visuals that it provided, because it helped me visualize chemistry from a real world perspective."
MQ,40,2026-03-14 01:23:05 UTC,0,46,0,0,0,0,1,0,1,T5_concepts_prior,0,How to draw the structures of carbon molecules
MQ,41,2026-03-10 18:30:13 UTC,0,201,0,0,0,0,0,0,0,,1,"What stood out the most was the new design of the chemical structures, which I had seen before but did not understand completely. I am now a lot more confident in being able to learn organic chemistry."
MQ,42,2026-03-20 04:26:38 UTC,0,58,0,1,0,0,1,0,2,T2_clarity_pace;T5_concepts_prior,0,I didn't know what the simple carbon drawings were before.
MQ,43,2026-03-20 04:19:44 UTC,0,145,0,1,1,1,0,0,3,T2_clarity_pace;T3_visual_immersion;T4_affect_stigma,0,"The diagrams stood out to me the most, I felt that images like that were intimidating but once they got explained it was easy to understand them."
MQ,44,2026-03-13 21:08:27 UTC,0,182,1,0,0,0,0,0,1,T1_everyday_coffee,0,"The real-world applications of coffee to chemistry stood out to me the most, and I didn't really know much about organic chemistry before, so yes, it did change how I think about it."
MQ,45,2026-03-12 21:24:47 UTC,0,156,1,0,0,0,0,0,1,T1_everyday_coffee,0,"I think how similar chemicals can attach to the same receptors due to the structure, this explains a lot of the mechanisms of reactions and human responses."
MQ,46,2026-03-13 19:11:40 UTC,0,167,0,0,0,1,0,0,1,T4_affect_stigma,0,"I have already learnt organic chemistry, but it stood out to me that they recognized that many people fear Ochem, and that it is actually very manageable as a subject."
MQ,47,2026-03-14 07:13:41 UTC,0,274,0,1,0,0,0,0,1,T2_clarity_pace,0,"I liked how the video used real-life examples and broke down the concepts to their core to explain what OChem is. Since I did not know much about organic chemistry, the video was very insightful and made me interested in the potential ochem has in other fields and research."
MQ,48,2026-03-11 00:20:17 UTC,0,154,1,0,0,0,0,0,1,T1_everyday_coffee,0,Something that stood out to me about this video was how molecules of different structures fit into receptors in our body to stimulate different functions.
MQ,49,2026-03-10 17:02:08 UTC,0,407,1,1,1,0,0,1,4,T1_everyday_coffee;T2_clarity_pace;T3_visual_immersion;T6_limits_friction,0,"I like how the video was not too long, I felt like I was able to sit through the whole thing without losing interest. I also like how clear and easy to understand the visual aspects were and they helped me to visualize the topics that were being talked about. It did not really change the way I think about organic chemistry but it showed me the application of organic chemistry to real life which was nice."
MQ,51,2026-03-17 06:57:40 UTC,0,226,0,0,1,1,0,0,2,T3_visual_immersion;T4_affect_stigma,0,I liked how the video used 3D models (wedges/hashes) to amke molecules feel like physical objects rather than just drawings on a page or a merely conceptual thing. It alleviated some of my fears about going in O-chem for sure.
MQ,52,2026-03-13 03:53:19 UTC,0,150,1,0,0,0,0,0,1,T1_everyday_coffee,0,"When they explained how organic chemistry is connected to caffeine stood out to me, it made me more aware that organic chemistry really is all around."
MQ,53,2026-03-11 02:49:42 UTC,0,127,0,0,0,0,0,1,1,T6_limits_friction,0,The approach and almost YouTube video style stood out to me. It didn't change much about how i thought about organic chemistry.
MQ,54,2026-03-11 21:02:24 UTC,0,31,0,0,1,0,0,0,1,T3_visual_immersion,0,How the structure is visualized
MQ,55,2026-03-10 19:00:47 UTC,0,159,1,0,0,0,0,0,1,T1_everyday_coffee,0,"I enjoyed how it correlated chemistry topics to adenosine receptors and applications/roles of it in understanding how caffeine, for example, impacts the brain."
MQ,56,2026-03-15 01:36:48 UTC,0,85,0,0,0,0,0,0,0,,1,"I liked how well they explained each topic, even though I had to rewatch a few times."
MQ,57,2026-03-12 01:44:59 UTC,0,247,1,0,0,0,0,0,1,T1_everyday_coffee,0,"One thing that stood out to me was the connection between organic molecules in coffee. I think it is interesting to see how much organic chemistry is related to the real world, from the objects around us to even the food or drinks that we consume."
MQ,58,2026-03-19 05:10:44 UTC,0,303,0,0,0,1,1,0,2,T4_affect_stigma;T5_concepts_prior,0,"The thing that stood out to me most was learning about how simplistic organic chemistry seems. If it is just the study of carbon-based molecules, what could be so difficult about the course? I am now worried about the intricacies of organic chemistry because it is considered one of the hardest courses."
MQ,59,2026-03-11 06:36:42 UTC,0,202,1,0,0,0,0,0,1,T1_everyday_coffee,0,I think that the biological connection of organic chemistry to the real world really stood out to me. It helped me gain a better understanding of organic chemistry through application to the real world.
MQ,60,2026-03-10 21:33:09 UTC,0,111,0,0,0,1,0,0,1,T4_affect_stigma,0,What stood out to me was learning how the lines represented C and H without writing them. That is intimidating!
MQ,61,2026-03-12 01:21:52 UTC,0,66,0,0,0,0,0,0,0,,1,It made it feel as though anyone can succeed in organic chemistry.
MQ,62,2026-03-12 01:22:20 UTC,0,169,1,0,0,0,0,0,1,T1_everyday_coffee,0,I liked the style of the video as it was very engaging and it made chemistry seem less daunting. I know understand that there is real world application that can be seen.
MQ,63,2026-03-16 01:11:14 UTC,0,152,0,0,1,0,0,0,1,T3_visual_immersion,0,"The peopel talking to the screen, combined with the diagrams helped me visualize the structures and molecules that they were talking about in the video."
MQ,64,2026-03-16 20:15:40 UTC,0,21,0,0,0,0,1,0,1,T5_concepts_prior,0,Learning about carbon
MQ,65,2026-03-13 22:20:37 UTC,0,295,1,1,0,0,0,0,2,T1_everyday_coffee;T2_clarity_pace,0,"I enjoyed how it simplified that concept down significantly and made it such that chemistry is not a huge concept, and rather broken down into important bits and pieces. Simply understanding how the smell of coffee can be connected to ochem made me more interested in wanting to learn it better."
MQ,66,2026-03-12 22:59:12 UTC,0,204,0,0,0,0,0,0,0,,1,The imagery while explaining concepts stood out most to me. It didn't necessarily change how I think about organic chemistry but I do think that the format of the video and video itself were very helpful.
MQ,67,2026-03-14 00:11:37 UTC,0,58,0,0,1,0,0,0,1,T3_visual_immersion,0,The stereochemistry stood out most to me about this video.
MQ,68,2026-03-15 19:39:37 UTC,0,258,1,0,0,0,0,0,1,T1_everyday_coffee,0,I think the talk about the receptor for adenosine being able to take in caffeine because the two compounds have similar shapes opens a door to more conversations about this. This made me think more about the biological relevancy of these topics and concepts.
MQ,69,2026-03-11 03:36:14 UTC,0,420,0,1,1,1,0,0,3,T2_clarity_pace;T3_visual_immersion;T4_affect_stigma,0,"I really liked how simple they put it. Though I probably need to watch the video again to fully understand, I feel like I got a lot of the concepts and could do a lot of practice problems by myself without help. I also loved the diagrams and how they moved, it made it extremely easy to visualize what they were saying. Though I am still a little bit intimidated on taking O chem, this definitely eased some of my fears."
MQ,70,2026-03-10 15:34:23 UTC,0,325,0,0,0,1,0,0,1,T4_affect_stigma,0,"I like how the video addressed the typical anxieties people have about taking organic chemistry, because it made me feel like the video creators actually understood and cared about students. Hearing them acknowledge people's worries about the difficulty of organic chemistry made me feel less nervous about taking the course."
MQ,71,2026-03-10 15:40:04 UTC,0,136,1,0,0,0,0,0,1,T1_everyday_coffee,0,"What stood out to me is how they made a theme for the video, the cafe. I think that was really interesting and it captured my attention."
MQ,72,2026-03-10 15:59:21 UTC,0,157,0,0,0,0,1,0,1,T5_concepts_prior,0,The part that stood out to me most was that organic chemistry is the study of carbon-based life forms. I thought it would be much more complicated than that.
MQ,73,2026-03-10 16:40:46 UTC,0,388,0,0,1,1,0,0,2,T3_visual_immersion;T4_affect_stigma,0,"I truly learned new material from this video. I really liked the immersive format as well as the visual imaging that allowed me to visualize the molecule when answering the questions above. It did change how I thought about organic chemistry because I was finally able to understand the basics of it, as I was scared, but I'm still scared. However, now I just understand it a little more."
MQ,74,2026-03-10 16:30:38 UTC,0,68,0,0,0,1,0,0,1,T4_affect_stigma,0,I am still nervous about organic chemistry after watching the video.
MQ,75,2026-03-10 17:16:54 UTC,0,336,1,1,0,1,1,0,4,T1_everyday_coffee;T2_clarity_pace;T4_affect_stigma;T5_concepts_prior,0,It changed the way I thought that organic chemistry was only somehting you needed to learn for class but didn't really have real world applications. Now I now it is in all living things since all living things have carbon-based molecules. It was very easy to understand and made me less anxious going into organic chemistry next quarter
MQ,76,2026-03-10 18:01:57 UTC,0,130,0,0,0,1,0,0,1,T4_affect_stigma,0,I really liked how they connected it to real topics and they explained it very well . I am less nervous to take organic chemistry.
MQ,77,2026-03-10 18:22:23 UTC,0,121,1,0,0,0,0,0,1,T1_everyday_coffee,0,I liked that they were in a cafe because it made the topics seem more relevant to something we might actually experience.
MQ,78,2026-03-15 07:42:13 UTC,0,158,0,1,0,1,0,0,2,T2_clarity_pace;T4_affect_stigma,0,"I think the way the concepts are develivered are really straightforward and easy to understand, it helped making the concepts of organic chemistry less scary."
MQ,79,2026-03-10 18:57:28 UTC,0,146,0,1,0,1,0,0,2,T2_clarity_pace;T4_affect_stigma,0,"Yes, this video introduced me to organic chemistry in a more simpler, approachable way. It helped me to not be as nervous when taking this course."
MQ,80,2026-03-12 17:15:15 UTC,0,48,0,0,0,0,0,0,0,,1,It was a nice introduction to organic chemistry.
MQ,81,2026-03-10 19:25:07 UTC,0,170,0,1,0,0,0,0,1,T2_clarity_pace,0,"I think it was formatted in a way that was very applicable and the terminology used in the video was also very simplified, making it easy to understand a difficult topic."
MQ,82,2026-03-10 20:31:33 UTC,0,263,0,0,0,0,0,0,0,,1,The factors that stood out in this video was how they simplified the idea of Organic chemistry in the beginning of the video. This calmed my percpetion of organic chemistry and put it into perspective that it is not quite different than any other chemistry class.
MQ,83,2026-03-10 20:33:18 UTC,0,144,0,1,1,0,0,0,2,T2_clarity_pace;T3_visual_immersion,0,I really love the visuals and simple way of presenting the idea. It's actually really good and makes the watcher feel like they can handle this.
MQ,84,2026-03-10 20:49:52 UTC,0,163,0,1,0,0,0,0,1,T2_clarity_pace,0,"It was a good way to introduce very introductory concepts. Good pacing, I didn't feel bored watching it nor did I feel like it was moving too fast to keep up with."
MQ,85,2026-03-11 00:33:14 UTC,0,190,1,0,1,0,0,0,2,T1_everyday_coffee;T3_visual_immersion,0,The video explained the concepts clearly and in an enagaging way that makes it easier to follow. The visuals and real-world applications are useful in understanding the purpose of the topic.
MQ,86,2026-03-10 21:39:59 UTC,0,279,1,1,1,0,0,0,3,T1_everyday_coffee;T2_clarity_pace;T3_visual_immersion,0,"I liked the graphics since it made it easier to understand organic chmeistry and apply it to a concept we know lots about, such as coffee! It didn't really change how I think about organic chemistry since I know it's going to be much more complicated than portrayed in the video."
MQ,87,2026-03-10 22:33:31 UTC,0,41,0,0,0,0,0,0,0,,1,I think it was good to follow along with.
MQ,88,2026-03-10 22:52:53 UTC,0,260,1,0,0,0,0,0,1,T1_everyday_coffee,0,What stood out to me was how they described organic chemistry in a way where many college students can fully understand and see it in a different view. I didn't know how coffee and organic chemistry can relate to one another but this video helped me with that!
MQ,89,2026-03-10 23:13:55 UTC,0,263,1,0,0,0,0,0,1,T1_everyday_coffee,0,"I liked the real-life example of coffee and how the smell, taste, and stimulant effects all come from different molecules. Coffee is definitely a more accessible and familiar example than a complex molecule formula without explanation of it's real world function."
MQ,91,2026-03-10 23:24:16 UTC,0,154,1,0,0,0,0,0,1,T1_everyday_coffee,0,I think what stood out was the description of coffee and they emphasized how different molecules need to be nearly perfect ti perform the effects desired.
MQ,92,2026-03-10 23:24:01 UTC,0,129,0,0,0,1,0,0,1,T4_affect_stigma,0,"The way they simplified the overarching idea of Organic Chemistry, and it made me perceive Ochem in a much less intimidating way."
MQ,93,2026-03-11 08:26:18 UTC,0,139,0,0,0,0,1,0,1,T5_concepts_prior,0,"Before watching this video, i was not really familiar with the skeletal structure (don't know how to count the number of C atom and H atom)"
MQ,94,2026-03-11 00:06:32 UTC,0,281,0,0,1,1,0,0,2,T3_visual_immersion;T4_affect_stigma,0,"What stood out to me were the graphics they used to show how certain molecules functioned, and it reminded me a little bit of sesame street in the beginning except for o-chem concepts. These made organic chemistry seem like it isn't as impossible of a task as it is made out to be."
MQ,95,2026-03-11 21:17:58 UTC,0,133,1,0,0,0,0,0,1,T1_everyday_coffee,0,"I think that the part about applications to sensory systems was pretty interesting, but that's just because i'm a neuroscience major."
MQ,96,2026-03-11 00:31:36 UTC,0,83,1,0,0,0,1,0,2,T1_everyday_coffee;T5_concepts_prior,0,I like how they explained that orgo is about structure of organic things around us.
MQ,97,2026-03-11 00:33:47 UTC,0,93,0,0,0,1,0,0,1,T4_affect_stigma,0,The describing of how organic chemistry isn't that intimidating and can apply to actual life.
MQ,98,2026-03-11 03:58:37 UTC,0,729,1,0,0,0,1,0,2,T1_everyday_coffee;T5_concepts_prior,0,"*]:pointer-events-auto scroll-mt-[calc(var(--header-height)+min(200px,max(70px,20svh)))]""> Before watching this video, I had always thought of organic chemistry as simply a subject I needed to complete before graduating and preparing for the MCAT. However, the video changed that perspective. It helped me realize how widely organic chemistry appears in everyday life, especially through the compounds discussed in coffee and the way their molecular structures influence flavor and aroma. Seeing these examples made the subject feel less abstract. Instead of viewing organic chemistry as a requirement to get through, I began to see it as a framework that explains many of the chemical processes occurring in the world around us."
MQ,99,2026-03-11 01:17:05 UTC,0,77,0,0,0,0,0,0,0,,1,It made me not think of chemistry as lines and numbers and see the relevance.
MQ,100,2026-03-11 02:06:27 UTC,0,313,1,1,1,0,0,0,3,T1_everyday_coffee;T2_clarity_pace;T3_visual_immersion,0,"The way the speakers presented organic chemistry in its simplest form stood out to me most. It felt like watching a video geared toward a younger demographic. Nevertheless, the video, particularly the coffee example, allowed me to see that organic chemistry doesn't necessarily have to be difficult to understand."
MQ,101,2026-03-11 03:14:46 UTC,0,128,1,0,0,0,0,0,1,T1_everyday_coffee,0,"I liked the coffee example because they used an example to introduce organic chemistry, something unfamiliar to a lot of people."
MQ,102,2026-03-11 03:29:46 UTC,0,126,0,0,1,1,0,0,2,T3_visual_immersion;T4_affect_stigma,0,"The visuals helped me understand what the video was about and some of the concepts. Yes, because I feel a little less nervous."
MQ,103,2026-03-11 04:22:35 UTC,0,232,1,0,0,0,0,0,1,T1_everyday_coffee,0,What stood out most to me about the video is that they related chemistry to things we do everyday like drink coffee from a cafe. It helped me think of organic chemistry as more relevant to my everyday life and I found it intresting.
MQ,104,2026-03-11 04:30:56 UTC,0,215,0,0,0,0,0,0,0,,1,"The video provided some actual important information for reading molecules and understanding the importance behind organic chemistry, which for a long time, has only been discussed as a ""hard"" class to my knowledge."
MQ,105,2026-03-13 02:36:04 UTC,0,237,0,0,0,0,1,0,1,T5_concepts_prior,0,I had always thought that organic chemistry was about the human body and or chemistry happening in plants and animals. I had no idea that the definition of organic chemistry was just the chemistry of compounds with carbon inside of them.
MQ,106,2026-03-11 06:11:00 UTC,0,343,1,0,0,0,0,0,1,T1_everyday_coffee,0,something that stood out to me how organic chemistry connects to everyday things like food and common products. it made me realize that organic chemistry isnt just abstract reactions in a lab but plays a significant role in many aspects of daily life. it also helped me see the subject as more practical and relevant than i previously thought.
MQ,107,2026-03-11 06:24:39 UTC,0,59,0,0,0,0,0,1,1,T6_limits_friction,0,Couldnt find a video so i just looked one up about OChem :)
MQ,108,2026-03-11 07:12:06 UTC,0,97,0,0,0,0,1,0,1,T5_concepts_prior,0,I think the way they presented it as a carbon based chemistry course made it sound less daunting.
MQ,109,2026-03-11 07:21:58 UTC,0,200,0,0,1,1,1,0,3,T3_visual_immersion;T4_affect_stigma;T5_concepts_prior,0,"I loved the visuals. The video was a good review on the basic principles I learned in 14A. Video was enjoyable to watch however the stigma revolving orgo, I am still terrified to take in next quarter."
MQ,110,2026-03-12 01:10:17 UTC,0,141,0,0,0,0,0,0,0,,1,I like how it painted organic chemistry into something that anyone can understand. I feel like it made the subject itself feel less daunting.
MQ,111,2026-03-11 21:06:06 UTC,0,164,0,0,0,1,0,0,1,T4_affect_stigma,0,What stood out to me the most in the video was how well they explained the introduction to organic chemistry. I feel a bit less nervous about organic chemistry now.
MQ,112,2026-03-11 16:05:38 UTC,0,256,1,0,0,0,0,0,1,T1_everyday_coffee,0,"I enjoyed the discussion of the connection between receptors in the brain and caffeine molecules. I was unsure how caffeine actually affected the brain, so to learn that caffeine is able to bind to the receptors because of their shape was very interesting."
MQ,113,2026-03-11 17:08:03 UTC,0,29,0,0,0,0,0,0,0,,1,I liked how it was presented.
MQ,114,2026-03-11 18:57:33 UTC,0,498,1,0,0,0,0,0,1,T1_everyday_coffee,0,"The thing that stood out to me most about this video is how there are so many different organic molecules all with different roles that influence our drinking experience in daily drinks like coffee such as sucralose, 2-furfurylthiol, and obviously caffeine. It made me realize that organic chemistry is something that is very applicable to our daily life and the small changes in molecular structure can really change the way that they interact with their environment, and in turn, our environment."
MQ,115,2026-03-11 19:53:38 UTC,0,248,0,0,0,0,0,0,0,,1,"The video helped refresh old topics and introduce new topics to me in ochem. I liked how the video introduced these topics in a quick but detailed way, I wouldn't say it changed the way I think about organic chemistry but I will say it was helpful."
MQ,116,2026-03-11 20:24:04 UTC,0,137,0,1,1,0,0,0,2,T2_clarity_pace;T3_visual_immersion,0,The simple language used to explain chemical concepts stood out to me because they created a more visual and relaxed learning experience.
MQ,117,2026-03-11 21:26:43 UTC,0,296,1,0,0,0,0,0,1,T1_everyday_coffee,0,"The connection they made to the organic chemistry of coffee stood out because I could imagine the qualities they were describing, such as the coffee's smell and appearance, and I could connect those qualities to the organic chemistry being discussed. This helped me understand the chemistry more."
MQ,118,2026-03-12 16:17:01 UTC,0,116,0,0,0,0,0,1,1,T6_limits_friction,0,"Nothing really stood out to me, it was a basic video and didn't really show me anything new about organic chemistry."
MQ,119,2026-03-12 03:57:14 UTC,0,299,1,0,0,0,0,0,1,T1_everyday_coffee,0,I really thought the part about how because the molecules in coffee are volatile that is why the scent of coffee is so strong is because it leaves the drink and goes into the air was really interesting! It made me think about how ochem is more present in our everday lives than I initially believed.
MQ,120,2026-03-12 02:03:45 UTC,0,317,0,0,0,0,0,0,0,,1,"What stood out to me the most was about how deep and complex organic chemistry can go and how much of it really matters and applies to the world of science and our world in general. It definately helped me understand organic chemistry more and just the concept of it as a whole, which I was previously unfamiliar with"
MQ,121,2026-03-15 17:10:20 UTC,0,224,1,0,0,0,1,0,2,T1_everyday_coffee;T5_concepts_prior,0,"What stood out to me the most about this video was that organic chemistry is just the study of carbon, and it made me think in a new way because it made me realize that organic chemistry is more about real-world application."
MQ,122,2026-03-11 23:25:54 UTC,0,227,0,1,0,1,1,0,3,T2_clarity_pace;T4_affect_stigma;T5_concepts_prior,0,"I didn't know that organic chemistry was the study of carbon-containing compounds I thought it was just organic compounds in general, which is interesting. It make organic chemistry seem more approachable and less intimidating."
MQ,123,2026-03-11 23:49:15 UTC,0,56,0,0,0,0,0,0,0,,1,I did not watch the video fully to answer this question.
MQ,124,2026-03-11 23:57:39 UTC,0,130,1,0,0,0,0,0,1,T1_everyday_coffee,0,This video was helpful in introducing organic chemistry. I think it helped me with learning how to see it in real life situations.
MQ,125,2026-03-12 01:39:56 UTC,0,208,1,1,0,0,0,0,2,T1_everyday_coffee;T2_clarity_pace,0,"What stood out to me the most was that they made it relatable with the cafe environment, and we even looked at coffee. It did change the way I thought about organic chemistry because it feels more digestible."
MQ,127,2026-03-12 02:56:21 UTC,0,210,0,0,0,0,1,0,1,T5_concepts_prior,0,"Since I wasn't aware what organic chemistry was, when I watched the video it seemed to be less materials or content than generam chemistry but it seems like it requires a bit of practice to fully understand it."
MQ,128,2026-03-12 03:33:18 UTC,0,82,0,1,0,0,1,0,2,T2_clarity_pace;T5_concepts_prior,0,The structure of the molecule stood out to me and seems pretty easy to understand.
MQ,129,2026-03-12 03:36:50 UTC,0,154,0,0,1,0,0,0,1,T3_visual_immersion,0,"I liked the visual aspects of the video, and it helped me picture easily how hashes and wedges contribute to a mental image of what a molecule looks like."
MQ,130,2026-03-12 04:12:14 UTC,0,158,0,1,1,0,1,0,3,T2_clarity_pace;T3_visual_immersion;T5_concepts_prior,0,How simply the video explained organic chemistry. The visual and moving diagram explaining the concept of representing carbon made it very easy to understand.
MQ,131,2026-03-12 07:24:50 UTC,0,171,0,0,1,0,0,0,1,T3_visual_immersion,0,I liked the light hearted background music and the animations of the video which makes it very easy to follow the video and made me think of o chem in a more easier light.
MQ,132,2026-03-12 06:58:50 UTC,0,383,1,1,1,0,0,0,3,T1_everyday_coffee;T2_clarity_pace;T3_visual_immersion,0,"I liked the graphics and the presenters and how the information related to the real world. I thought the information was explained in an easy-to-understand format. It did slightly change how I think about organic chemistry because it showed me that organic chemistry can be explained in a digestible manner and isn't totally impossible to understand, at least the introduction to it."
MQ,133,2026-03-12 23:15:41 UTC,0,69,0,0,1,0,0,0,1,T3_visual_immersion,0,What stood out about the video was how engaging and immersive it was.
MQ,134,2026-03-18 17:08:23 UTC,0,101,0,0,0,0,0,0,0,,1,It made me understand the difference between organic chemistry and the chemistry im currently taking.
MQ,136,2026-03-15 06:30:13 UTC,0,137,0,0,1,0,0,0,1,T3_visual_immersion,0,"How the orientation of molecule vastly changes as you alter the hash and wedges. How organic chemistry impacts our clothing. Yes, it did."
MQ,137,2026-03-12 23:28:27 UTC,0,118,1,0,0,0,0,0,1,T1_everyday_coffee,0,Something that stood out to me was how orgo affects taste and smell. It made me a little more interested in the topic.
MQ,138,2026-03-13 00:32:58 UTC,0,291,0,0,0,1,0,0,1,T4_affect_stigma,0,"This video defined organic chemistry very simply and described it to be totally different from what I initially thought organic chemistry was. Organic chemistry still seems very complex, but now that I have a more directed idea of what it is, it doesn't seem as intimidating than it used to."
MQ,139,2026-03-17 16:24:50 UTC,0,308,1,0,0,0,1,0,2,T1_everyday_coffee;T5_concepts_prior,0,I liked how the concepts of organic chemistry were simplified in a way that allows students to approach this course material with confidence instead of hesitation. I now know that organic chemistry is about the structure and properties of carbon-based compounds and understand its significance in daily life.
MQ,140,2026-03-13 05:52:45 UTC,0,305,0,1,0,0,0,0,1,T2_clarity_pace,0,"I liked that organic chemistry was introduced in a simple way, which made understand the basic idea of what I'll learn in organic chemistry. The background music was a tad bit distracting though, I noticed myself trying to separate the music from what was being said. Just some feedback, but nice video :)"
MQ,141,2026-03-13 05:53:17 UTC,0,212,0,1,0,0,0,0,1,T2_clarity_pace,0,The way it was broken down and explained thoroughly in such a short amount of time made it easier to process and understand the exact details. It made me more into it knowing more about the specificity behind it.
MQ,142,2026-03-13 07:37:44 UTC,0,122,0,1,1,0,0,0,2,T2_clarity_pace;T3_visual_immersion,0,The clear and animated pictures allowed for very simple and easy understanding. I very much liked the way this was taught.
MQ,143,2026-03-16 21:34:42 UTC,0,116,0,1,0,0,0,0,1,T2_clarity_pace,0,"I liked how brief it was and simplistic, while explaining concepts that can be difficult to learn in other settings."
MQ,144,2026-03-13 17:56:47 UTC,0,158,0,0,1,1,0,0,2,T3_visual_immersion;T4_affect_stigma,0,I liked the diagrams they showed for each molecule they discussed. It helped me picture things better and I think it made organic chemistry less intimidating.
MQ,145,2026-03-30 03:50:47 UTC,0,84,0,0,1,0,0,0,1,T3_visual_immersion,0,"I liked the way the concepts were explained, the images/visual aids stood out to me."
MQ,146,2026-03-14 01:03:53 UTC,0,252,0,0,0,1,0,0,1,T4_affect_stigma,0,I would say that when they explained the basic lessons of organic chemistry again and it felt nice to be remembered again. I also enjoyed that they provided reassurance in terms of not fearing the course or following the sterotypes given to the course.
MQ,147,2026-03-13 21:10:20 UTC,0,225,0,1,0,0,1,0,2,T2_clarity_pace;T5_concepts_prior,0,"What stood out to me was the simplification of drawing organic structures. Previously, I looked at shorthand drawings and couldn't imagine how I would know what it reflecteed; now I understand it can be simpler than it seems."
MQ,148,2026-03-13 21:48:35 UTC,0,125,1,0,0,0,0,0,1,T1_everyday_coffee,0,Learning about the coffee example was interesting since it connected organic chemistry to something I know in the real world.
MQ,149,2026-03-13 22:18:49 UTC,0,168,1,0,0,0,1,0,2,T1_everyday_coffee;T5_concepts_prior,0,I think understanding that organic chemistry focuses on how the molecular structure of carbon plays a large role in real life and it's connections was most interesting.
MQ,150,2026-03-14 04:33:15 UTC,0,223,0,0,0,0,0,0,0,,1,"The part where they listed all the different topics in organic chemistry. This helped me realize that I was already familiar with many topics for organic chemistry, which helped me feel more confident for organic chemistry."
MQ,151,2026-03-14 05:43:11 UTC,0,170,1,0,0,0,0,0,1,T1_everyday_coffee,0,"I was interested in the way coffee affects us in the sense that each individual molecule reacts with receptors in our nose, for example, leading us to perceive its smell."
MQ,152,2026-03-14 05:56:21 UTC,0,128,0,1,0,0,1,0,2,T2_clarity_pace;T5_concepts_prior,0,What stood out to me was that they simplified the definitions and started off simple before showing us the big carbon molecules.
MQ,153,2026-03-14 06:14:03 UTC,0,86,0,0,0,0,0,0,0,,1,It made me realize that organic chemistry is not that different from normal chemistry.
MQ,154,2026-03-16 09:05:17 UTC,0,183,0,0,1,1,0,0,2,T3_visual_immersion;T4_affect_stigma,0,The visual diagrams combined with the simplified explanations made organic chemistry basics seem doable. I think they caught my attention and increased my undestanding of the subject.
MQ,155,2026-03-14 19:45:43 UTC,0,257,1,0,1,0,0,0,2,T1_everyday_coffee;T3_visual_immersion,0,I thought the diagram decoding was interesting and made me want to do decode more and build the 3D models. It didn't really change much about organic chemistry for me but I was interested in how caffeine affected the brian by blocked the adenosine receptor.
MQ,156,2026-03-15 00:24:48 UTC,0,174,1,0,0,0,0,0,1,T1_everyday_coffee,0,I liked having an everyday application of chemistry in a scale that goes a bit beyond staying within the micro-scale. Using coffee as an example helped make concepts clearer.
MQ,157,2026-03-15 00:45:34 UTC,0,260,1,1,1,0,0,0,3,T1_everyday_coffee;T2_clarity_pace;T3_visual_immersion,0,How intrerested I became once the visual of the brain's calming receptor being stimulated by the coffee in comparison to the mollecule that normally fits in it. It made it clear to see the real-life application of understanding how molecules in our world work.
MQ,158,2026-03-15 01:17:32 UTC,0,187,0,0,0,0,1,0,1,T5_concepts_prior,0,This video gave me a better understanding of organic chemistry and ive seen like the structures of these molecules before but now like it actually makes more sense after the explanations.
MQ,159,2026-03-15 23:25:47 UTC,0,122,0,1,0,0,0,0,1,T2_clarity_pace,0,"I liked the way the things were explained, that it wasn't so brief and cleared up some confusion for me on certain topics."
MQ,160,2026-03-15 23:51:03 UTC,0,470,1,1,0,0,0,0,2,T1_everyday_coffee;T2_clarity_pace,0,"What impressed me the most was how they defined organic chemistry in the simplest way. I had always thought of it as something very complex, so its abstract concepts for me were just molecules whose names I couldn’t memorize and structures I couldn’t draw. But now the main idea is much clearer. The part where they explained specific molecules in coffee made me feel that organic chemistry at this level isn’t that difficult. I think I can give it a try on learning it."
MQ,161,2026-03-16 04:15:53 UTC,0,90,1,0,0,0,0,0,1,T1_everyday_coffee,0,I thought it was cool to make the connection to a daily life activity like drinking coffee
MQ,163,2026-03-16 22:35:33 UTC,0,300,1,1,0,0,0,0,2,T1_everyday_coffee;T2_clarity_pace,0,I think I really like how simple and plain they made the topic feel. They told us the overall picture and explained it to us in a way that was not super complicated. I really appreciated that. I like how it also mentioned coffee. As an avid coffee drinker its nice to know what exactly I am drinking.
MQ,164,2026-03-17 02:34:59 UTC,0,120,0,0,0,0,0,0,0,,1,Organic chemistry is thought to be a weedings -out course but cana ctualy be quite easier to understnad than we thought.
MQ,165,2026-03-17 04:03:48 UTC,0,130,0,0,1,0,0,0,1,T3_visual_immersion,0,I feel like the video helped me understand how visual organic chemistry is since there's definitely more diagrams than I realized.
MQ,166,2026-03-17 05:39:10 UTC,0,36,0,0,0,0,0,0,0,,1,It made chemistry interesting to me.
MQ,167,2026-03-17 05:57:40 UTC,0,13,0,0,0,0,1,0,1,T5_concepts_prior,0,The beginning
MQ,168,2026-03-17 21:37:19 UTC,0,66,0,0,0,0,0,0,0,,1,I never understood the short hand notation of molecules until now.
MQ,169,2026-03-17 22:47:56 UTC,0,75,0,1,1,0,0,0,2,T2_clarity_pace;T3_visual_immersion,0,"I liked the moving visuals, it made organic chemistry easier to understand."
MQ,170,2026-03-18 07:17:43 UTC,0,195,1,0,0,0,0,0,1,T1_everyday_coffee,0,I think the coffee segment was really neat since I love to learn HOW things work. It did change the way I thought about Ochem because it made me realize how important the specific structures are.
MQ,171,2026-03-20 02:50:05 UTC,0,145,1,0,0,0,0,0,1,T1_everyday_coffee,0,How organic chemistry is actually all around us and ways we can apply it to our daily lives. Makes the topic seem less nerve-racking to approach.
