cohort,submission_n,submitted_utc,essay_blank,essay_chars,T1_everyday_coffee,T2_clarity_pace,T3_visual_immersion,T4_affect_stigma,T5_concepts_prior,T6_limits_friction,theme_count,themes_flagged,needs_manual_review
DD,1,2026-03-22 07:20:58 UTC,0,124,1,0,0,0,0,1,2,T1_everyday_coffee;T6_limits_friction,0
DD,2,2026-03-14 04:10:08 UTC,0,80,0,1,0,0,0,0,1,T2_clarity_pace,0
DD,4,2026-03-14 04:14:30 UTC,0,28,0,0,1,0,0,0,1,T3_visual_immersion,0
DD,5,2026-03-15 06:17:25 UTC,0,240,0,0,0,1,0,1,2,T4_affect_stigma;T6_limits_friction,0
DD,6,2026-03-14 04:26:29 UTC,0,161,1,0,0,0,0,0,1,T1_everyday_coffee,0
DD,7,2026-03-14 20:25:04 UTC,0,176,0,0,0,1,0,0,1,T4_affect_stigma,0
DD,8,2026-03-14 04:26:24 UTC,0,47,0,0,0,0,0,1,1,T6_limits_friction,0
DD,9,2026-03-14 04:25:54 UTC,0,20,0,0,1,0,0,0,1,T3_visual_immersion,0
DD,10,2026-03-14 04:33:51 UTC,0,229,1,0,0,0,0,0,1,T1_everyday_coffee,0
DD,11,2026-03-14 04:34:21 UTC,0,42,0,0,0,0,0,0,0,,1
DD,12,2026-03-14 06:12:26 UTC,0,226,0,1,0,1,0,0,2,T2_clarity_pace;T4_affect_stigma,0
DD,13,2026-03-14 04:42:34 UTC,0,171,1,0,0,0,0,0,1,T1_everyday_coffee,0
DD,15,2026-03-14 04:48:37 UTC,0,109,0,0,0,0,1,0,1,T5_concepts_prior,0
DD,16,2026-03-14 04:48:21 UTC,0,141,0,0,0,1,1,0,2,T4_affect_stigma;T5_concepts_prior,0
DD,17,2026-03-14 05:52:12 UTC,0,171,1,0,0,0,0,0,1,T1_everyday_coffee,0
DD,18,2026-03-18 07:46:14 UTC,0,69,0,0,1,0,0,0,1,T3_visual_immersion,0
DD,19,2026-03-14 05:09:32 UTC,0,87,0,0,0,1,0,0,1,T4_affect_stigma,0
DD,20,2026-03-14 05:10:40 UTC,0,67,0,1,0,0,0,0,1,T2_clarity_pace,0
DD,21,2026-03-14 05:18:05 UTC,0,161,1,0,0,0,0,0,1,T1_everyday_coffee,0
DD,22,2026-03-16 00:55:49 UTC,0,198,1,0,1,0,0,0,2,T1_everyday_coffee;T3_visual_immersion,0
DD,23,2026-03-14 05:17:13 UTC,0,128,1,0,0,0,0,0,1,T1_everyday_coffee,0
DD,24,2026-03-14 06:39:29 UTC,0,287,0,0,0,1,0,0,1,T4_affect_stigma,0
DD,25,2026-03-14 05:25:32 UTC,0,419,1,1,0,0,1,0,3,T1_everyday_coffee;T2_clarity_pace;T5_concepts_prior,0
DD,26,2026-03-14 05:22:49 UTC,0,151,1,0,0,0,0,0,1,T1_everyday_coffee,0
DD,27,2026-03-14 05:30:29 UTC,0,370,1,1,0,0,0,0,2,T1_everyday_coffee;T2_clarity_pace,0
DD,28,2026-03-14 05:36:28 UTC,0,147,0,0,1,0,1,0,2,T3_visual_immersion;T5_concepts_prior,0
DD,29,2026-03-14 05:52:18 UTC,0,315,1,0,0,0,0,0,1,T1_everyday_coffee,0
DD,30,2026-03-14 06:02:31 UTC,0,277,0,1,0,1,1,0,3,T2_clarity_pace;T4_affect_stigma;T5_concepts_prior,0
DD,31,2026-03-15 21:53:02 UTC,0,68,0,0,0,0,1,0,1,T5_concepts_prior,0
DD,32,2026-03-14 05:45:24 UTC,0,150,0,0,0,0,1,0,1,T5_concepts_prior,0
DD,33,2026-03-14 05:58:38 UTC,0,163,0,0,1,0,0,0,1,T3_visual_immersion,0
DD,34,2026-03-14 05:57:37 UTC,0,66,0,0,0,0,0,0,0,,1
DD,35,2026-03-14 06:12:05 UTC,0,112,1,0,0,0,0,0,1,T1_everyday_coffee,0
DD,36,2026-03-14 06:11:18 UTC,0,199,0,0,0,0,0,0,0,,1
DD,37,2026-03-14 06:40:09 UTC,0,128,0,0,1,1,0,0,2,T3_visual_immersion;T4_affect_stigma,0
DD,38,2026-03-14 06:13:16 UTC,0,402,1,0,0,0,1,0,2,T1_everyday_coffee;T5_concepts_prior,0
DD,39,2026-03-14 06:13:30 UTC,0,112,0,0,0,0,1,0,1,T5_concepts_prior,0
DD,40,2026-03-14 07:13:10 UTC,0,378,0,0,0,1,0,0,1,T4_affect_stigma,0
DD,41,2026-03-14 06:17:05 UTC,0,98,0,1,0,0,0,0,1,T2_clarity_pace,0
DD,42,2026-03-14 06:23:36 UTC,0,336,0,1,1,0,1,0,3,T2_clarity_pace;T3_visual_immersion;T5_concepts_prior,0
DD,43,2026-03-14 06:41:08 UTC,0,118,0,0,0,1,0,0,1,T4_affect_stigma,0
DD,44,2026-03-14 06:27:08 UTC,0,333,0,0,1,1,0,1,3,T3_visual_immersion;T4_affect_stigma;T6_limits_friction,0
DD,45,2026-03-14 06:31:00 UTC,0,207,1,0,0,0,0,0,1,T1_everyday_coffee,0
DD,46,2026-03-14 06:34:10 UTC,0,93,0,1,1,0,0,0,2,T2_clarity_pace;T3_visual_immersion,0
DD,47,2026-03-14 06:33:04 UTC,0,120,1,0,1,0,0,0,2,T1_everyday_coffee;T3_visual_immersion,0
DD,48,2026-03-14 06:33:59 UTC,0,227,0,0,0,0,0,0,0,,1
DD,49,2026-03-14 06:37:24 UTC,0,105,1,0,1,0,0,0,2,T1_everyday_coffee;T3_visual_immersion,0
DD,50,2026-03-15 22:00:32 UTC,0,146,0,0,1,1,0,0,2,T3_visual_immersion;T4_affect_stigma,0
DD,51,2026-03-14 06:59:30 UTC,0,188,0,0,1,0,0,0,1,T3_visual_immersion,0
DD,52,2026-03-14 06:57:42 UTC,0,162,1,0,0,0,0,0,1,T1_everyday_coffee,0
DD,53,2026-03-14 07:27:03 UTC,0,194,1,0,0,0,0,0,1,T1_everyday_coffee,0
DD,54,2026-03-14 07:43:14 UTC,0,150,1,0,0,0,0,0,1,T1_everyday_coffee,0
DD,55,2026-03-14 18:39:30 UTC,0,94,0,1,1,0,0,0,2,T2_clarity_pace;T3_visual_immersion,0
DD,56,2026-03-14 08:01:11 UTC,0,143,0,0,1,0,0,0,1,T3_visual_immersion,0
DD,57,2026-03-14 10:31:31 UTC,0,105,1,0,0,0,0,0,1,T1_everyday_coffee,0
DD,58,2026-03-14 08:12:48 UTC,0,201,0,0,0,0,0,0,0,,1
DD,59,2026-03-14 08:09:34 UTC,0,195,0,0,0,1,0,0,1,T4_affect_stigma,0
DD,60,2026-03-14 08:18:01 UTC,0,333,1,0,0,0,0,0,1,T1_everyday_coffee,0
DD,61,2026-03-18 01:45:53 UTC,0,157,0,0,1,0,0,0,1,T3_visual_immersion,0
DD,62,2026-03-14 08:35:19 UTC,0,161,0,0,0,0,1,0,1,T5_concepts_prior,0
DD,63,2026-03-14 08:35:51 UTC,0,16,0,0,0,0,0,0,0,,1
DD,64,2026-03-14 16:07:06 UTC,0,166,0,1,0,1,0,0,2,T2_clarity_pace;T4_affect_stigma,0
DD,65,2026-03-14 16:15:21 UTC,0,165,0,1,1,0,1,0,3,T2_clarity_pace;T3_visual_immersion;T5_concepts_prior,0
DD,66,2026-03-14 16:42:19 UTC,0,21,1,0,0,0,0,0,1,T1_everyday_coffee,0
DD,67,2026-03-15 17:47:57 UTC,0,119,0,1,0,0,0,1,2,T2_clarity_pace;T6_limits_friction,0
DD,68,2026-03-14 17:47:48 UTC,0,110,0,0,0,1,0,0,1,T4_affect_stigma,0
DD,69,2026-03-14 18:40:20 UTC,0,10,0,0,0,0,1,0,1,T5_concepts_prior,0
DD,70,2026-03-14 18:36:45 UTC,0,147,1,0,1,0,0,0,2,T1_everyday_coffee;T3_visual_immersion,0
DD,71,2026-03-14 18:48:32 UTC,0,147,1,0,0,0,0,0,1,T1_everyday_coffee,0
DD,72,2026-03-14 19:10:09 UTC,0,156,0,1,0,0,1,0,2,T2_clarity_pace;T5_concepts_prior,0
DD,73,2026-03-14 19:59:56 UTC,0,142,0,0,0,0,0,0,0,,1
DD,74,2026-03-16 00:33:16 UTC,0,195,1,0,0,0,0,0,1,T1_everyday_coffee,0
DD,75,2026-03-14 20:11:58 UTC,0,117,0,0,0,1,0,0,1,T4_affect_stigma,0
DD,76,2026-03-14 19:47:03 UTC,0,206,1,0,0,1,0,0,2,T1_everyday_coffee;T4_affect_stigma,0
DD,77,2026-03-14 19:53:21 UTC,0,386,1,0,0,0,1,0,2,T1_everyday_coffee;T5_concepts_prior,0
DD,78,2026-03-14 20:46:11 UTC,0,334,0,1,0,0,1,0,2,T2_clarity_pace;T5_concepts_prior,0
DD,79,2026-03-14 20:46:21 UTC,0,161,0,0,0,0,1,0,1,T5_concepts_prior,0
DD,80,2026-03-14 20:55:11 UTC,0,279,0,0,0,0,0,0,0,,1
DD,81,2026-03-14 21:20:54 UTC,0,81,0,0,0,1,0,0,1,T4_affect_stigma,0
DD,82,2026-03-14 21:29:11 UTC,0,150,0,0,0,1,0,0,1,T4_affect_stigma,0
DD,83,2026-03-15 00:27:55 UTC,0,371,1,0,0,0,0,0,1,T1_everyday_coffee,0
DD,84,2026-03-14 21:36:36 UTC,0,98,0,1,1,0,0,0,2,T2_clarity_pace;T3_visual_immersion,0
DD,85,2026-03-14 21:39:21 UTC,0,333,1,0,0,0,1,0,2,T1_everyday_coffee;T5_concepts_prior,0
DD,86,2026-03-14 21:50:09 UTC,0,232,0,0,0,0,0,0,0,,1
DD,87,2026-03-14 22:10:08 UTC,0,131,1,0,0,0,0,0,1,T1_everyday_coffee,0
DD,88,2026-03-14 22:22:47 UTC,0,189,1,0,0,0,0,0,1,T1_everyday_coffee,0
DD,89,2026-03-14 22:24:27 UTC,0,211,1,0,0,0,0,0,1,T1_everyday_coffee,0
DD,91,2026-03-15 22:14:13 UTC,0,291,0,1,1,1,0,0,3,T2_clarity_pace;T3_visual_immersion;T4_affect_stigma,0
DD,92,2026-03-14 22:43:51 UTC,0,311,1,0,0,0,0,0,1,T1_everyday_coffee,0
DD,93,2026-03-16 08:51:17 UTC,0,208,0,0,0,0,1,0,1,T5_concepts_prior,0
DD,94,2026-03-19 17:17:30 UTC,0,106,0,0,1,0,0,0,1,T3_visual_immersion,0
DD,95,2026-03-14 22:53:37 UTC,0,217,1,0,1,0,0,0,2,T1_everyday_coffee;T3_visual_immersion,0
DD,96,2026-03-14 23:13:17 UTC,0,145,1,0,0,0,0,0,1,T1_everyday_coffee,0
DD,97,2026-03-14 23:13:01 UTC,0,119,0,0,0,0,1,0,1,T5_concepts_prior,0
DD,98,2026-03-14 23:11:11 UTC,0,198,1,0,0,0,0,0,1,T1_everyday_coffee,0
DD,99,2026-03-14 23:30:24 UTC,0,208,0,0,1,0,0,0,1,T3_visual_immersion,0
DD,100,2026-03-14 23:50:16 UTC,0,308,0,0,0,0,1,0,1,T5_concepts_prior,0
DD,101,2026-03-15 00:17:28 UTC,0,152,1,0,0,0,0,0,1,T1_everyday_coffee,0
DD,102,2026-03-15 00:46:35 UTC,0,409,1,1,0,0,0,0,2,T1_everyday_coffee;T2_clarity_pace,0
DD,103,2026-03-15 01:24:34 UTC,0,247,0,1,0,1,1,0,3,T2_clarity_pace;T4_affect_stigma;T5_concepts_prior,0
DD,104,2026-03-15 01:16:48 UTC,0,155,1,1,0,0,0,0,2,T1_everyday_coffee;T2_clarity_pace,0
DD,105,2026-03-15 01:43:18 UTC,0,197,0,0,1,1,0,0,2,T3_visual_immersion;T4_affect_stigma,0
DD,106,2026-03-15 02:11:57 UTC,0,244,0,0,0,1,0,0,1,T4_affect_stigma,0
DD,107,2026-03-16 05:59:21 UTC,0,130,0,0,0,0,1,0,1,T5_concepts_prior,0
DD,108,2026-03-15 02:11:50 UTC,0,244,1,0,0,0,0,0,1,T1_everyday_coffee,0
DD,109,2026-03-15 02:10:45 UTC,0,177,1,1,1,0,0,0,3,T1_everyday_coffee;T2_clarity_pace;T3_visual_immersion,0
DD,110,2026-03-15 03:01:08 UTC,0,199,1,0,0,0,0,0,1,T1_everyday_coffee,0
DD,111,2026-03-15 02:58:20 UTC,0,324,1,0,0,0,0,0,1,T1_everyday_coffee,0
DD,112,2026-03-15 02:23:33 UTC,0,259,1,0,0,0,0,0,1,T1_everyday_coffee,0
DD,113,2026-03-15 02:26:37 UTC,0,108,1,0,0,0,0,0,1,T1_everyday_coffee,0
DD,114,2026-03-15 06:16:45 UTC,0,265,0,0,1,1,0,0,2,T3_visual_immersion;T4_affect_stigma,0
DD,115,2026-03-15 03:19:12 UTC,0,78,0,1,1,0,0,0,2,T2_clarity_pace;T3_visual_immersion,0
DD,116,2026-03-17 15:35:48 UTC,0,23,0,0,0,0,0,0,0,,1
DD,117,2026-03-15 03:41:28 UTC,0,107,0,0,0,0,0,1,1,T6_limits_friction,0
DD,118,2026-03-15 03:53:03 UTC,0,388,0,1,0,1,0,0,2,T2_clarity_pace;T4_affect_stigma,0
DD,119,2026-03-15 03:58:12 UTC,0,204,0,0,1,0,0,0,1,T3_visual_immersion,0
DD,120,2026-03-15 04:24:11 UTC,0,97,0,1,0,0,0,0,1,T2_clarity_pace,0
DD,121,2026-03-15 04:30:38 UTC,0,324,0,1,0,1,0,0,2,T2_clarity_pace;T4_affect_stigma,0
DD,122,2026-03-15 04:40:13 UTC,0,159,0,0,0,1,0,0,1,T4_affect_stigma,0
DD,123,2026-03-15 04:56:40 UTC,0,49,1,0,0,0,0,0,1,T1_everyday_coffee,0
DD,124,2026-03-15 05:58:23 UTC,0,116,0,0,1,1,0,0,2,T3_visual_immersion;T4_affect_stigma,0
DD,125,2026-03-15 06:16:38 UTC,0,79,0,0,0,0,0,0,0,,1
DD,126,2026-03-15 06:29:49 UTC,0,292,0,0,1,1,0,0,2,T3_visual_immersion;T4_affect_stigma,0
DD,127,2026-03-15 07:09:20 UTC,0,97,0,0,1,0,0,0,1,T3_visual_immersion,0
DD,128,2026-03-15 06:44:17 UTC,0,81,0,1,0,0,0,0,1,T2_clarity_pace,0
DD,129,2026-03-15 06:57:30 UTC,0,382,1,0,0,1,1,0,3,T1_everyday_coffee;T4_affect_stigma;T5_concepts_prior,0
DD,130,2026-03-17 07:36:43 UTC,0,214,1,1,0,0,0,0,2,T1_everyday_coffee;T2_clarity_pace,0
DD,131,2026-03-15 10:25:46 UTC,0,38,0,1,0,0,0,0,1,T2_clarity_pace,0
DD,132,2026-03-15 16:11:48 UTC,0,275,0,1,0,0,1,0,2,T2_clarity_pace;T5_concepts_prior,0
DD,133,2026-03-15 17:25:58 UTC,0,22,0,0,0,1,0,0,1,T4_affect_stigma,0
DD,134,2026-03-15 17:55:35 UTC,0,285,1,0,0,1,0,0,2,T1_everyday_coffee;T4_affect_stigma,0
DD,135,2026-03-15 18:41:44 UTC,0,158,0,0,0,1,0,0,1,T4_affect_stigma,0
DD,136,2026-03-15 18:59:11 UTC,0,220,1,0,0,0,0,1,2,T1_everyday_coffee;T6_limits_friction,0
DD,137,2026-03-15 19:38:04 UTC,0,139,0,0,0,1,0,0,1,T4_affect_stigma,0
DD,138,2026-03-15 20:24:26 UTC,0,89,0,0,0,0,0,0,0,,1
DD,139,2026-03-15 20:46:31 UTC,0,97,0,0,1,0,0,0,1,T3_visual_immersion,0
DD,140,2026-03-15 21:38:49 UTC,0,74,0,0,1,0,0,0,1,T3_visual_immersion,0
DD,141,2026-03-15 22:01:41 UTC,0,118,0,0,1,0,0,0,1,T3_visual_immersion,0
DD,142,2026-03-15 22:35:13 UTC,0,111,0,0,1,0,0,0,1,T3_visual_immersion,0
DD,143,2026-03-15 22:41:17 UTC,0,285,0,0,0,1,0,0,1,T4_affect_stigma,0
DD,144,2026-03-15 22:57:02 UTC,0,176,0,0,0,0,0,0,0,,1
DD,145,2026-03-15 23:06:40 UTC,0,151,0,0,0,1,0,0,1,T4_affect_stigma,0
DD,146,2026-03-15 23:16:28 UTC,0,138,0,0,1,1,0,0,2,T3_visual_immersion;T4_affect_stigma,0
DD,147,2026-03-16 00:17:29 UTC,0,115,0,0,0,0,1,0,1,T5_concepts_prior,0
DD,148,2026-03-16 01:26:04 UTC,0,391,0,0,0,0,1,1,2,T5_concepts_prior;T6_limits_friction,0
DD,149,2026-03-16 01:55:41 UTC,0,56,1,0,0,0,0,0,1,T1_everyday_coffee,0
DD,150,2026-03-16 02:26:59 UTC,0,307,1,0,0,0,0,0,1,T1_everyday_coffee,0
DD,151,2026-03-16 03:10:42 UTC,0,357,0,0,0,0,0,1,1,T6_limits_friction,0
DD,152,2026-03-16 03:23:39 UTC,0,178,0,0,0,0,1,0,1,T5_concepts_prior,0
DD,153,2026-03-16 03:23:38 UTC,0,161,0,0,0,0,1,0,1,T5_concepts_prior,0
DD,154,2026-03-16 18:08:56 UTC,0,169,0,0,0,0,1,0,1,T5_concepts_prior,0
DD,155,2026-03-16 04:43:37 UTC,0,212,1,0,0,1,0,0,2,T1_everyday_coffee;T4_affect_stigma,0
DD,156,2026-03-16 05:06:38 UTC,0,139,0,0,0,0,0,0,0,,1
DD,157,2026-03-16 05:07:44 UTC,0,2,0,0,0,0,0,1,1,T6_limits_friction,0
DD,158,2026-03-16 05:28:00 UTC,0,455,0,0,1,1,1,0,3,T3_visual_immersion;T4_affect_stigma;T5_concepts_prior,0
DD,159,2026-03-18 06:01:48 UTC,0,83,0,0,0,0,0,0,0,,1
DD,160,2026-03-16 05:48:46 UTC,0,261,1,0,0,0,0,0,1,T1_everyday_coffee,0
DD,161,2026-03-16 23:44:56 UTC,0,121,0,0,1,1,0,0,2,T3_visual_immersion;T4_affect_stigma,0
DD,162,2026-03-18 02:44:11 UTC,0,63,0,0,0,0,1,0,1,T5_concepts_prior,0
DD,163,2026-03-16 06:15:39 UTC,0,83,1,0,0,0,0,0,1,T1_everyday_coffee,0
DD,165,2026-03-16 06:42:08 UTC,0,30,1,0,0,0,0,0,1,T1_everyday_coffee,0
DD,166,2026-03-16 07:36:48 UTC,0,109,1,0,0,0,0,0,1,T1_everyday_coffee,0
DD,167,2026-03-16 09:45:54 UTC,0,163,1,0,0,0,0,0,1,T1_everyday_coffee,0
DD,168,2026-03-16 16:50:04 UTC,0,100,0,0,0,1,0,0,1,T4_affect_stigma,0
DD,169,2026-03-16 17:31:11 UTC,0,42,1,0,0,0,0,0,1,T1_everyday_coffee,0
DD,170,2026-03-16 17:28:34 UTC,0,67,0,0,0,1,0,0,1,T4_affect_stigma,0
DD,171,2026-03-19 05:53:30 UTC,0,657,1,0,0,1,1,0,3,T1_everyday_coffee;T4_affect_stigma;T5_concepts_prior,0
DD,172,2026-03-20 22:43:28 UTC,0,74,0,0,0,0,0,0,0,,1
DD,173,2026-03-16 18:55:40 UTC,0,179,1,0,1,0,0,0,2,T1_everyday_coffee;T3_visual_immersion,0
DD,174,2026-03-16 20:11:33 UTC,0,342,0,0,0,1,1,0,2,T4_affect_stigma;T5_concepts_prior,0
DD,176,2026-03-17 08:08:15 UTC,0,191,0,0,1,0,0,0,1,T3_visual_immersion,0
DD,177,2026-03-16 21:33:27 UTC,0,116,1,1,0,0,0,0,2,T1_everyday_coffee;T2_clarity_pace,0
DD,178,2026-03-16 22:05:08 UTC,0,227,0,0,0,1,0,0,1,T4_affect_stigma,0
DD,179,2026-03-18 03:50:16 UTC,0,74,1,0,0,0,1,0,2,T1_everyday_coffee;T5_concepts_prior,0
DD,180,2026-03-18 08:16:50 UTC,0,124,0,1,0,0,1,0,2,T2_clarity_pace;T5_concepts_prior,0
DD,181,2026-03-16 22:31:57 UTC,0,69,0,0,0,0,1,0,1,T5_concepts_prior,0
DD,182,2026-03-17 02:11:44 UTC,0,188,0,0,0,1,0,0,1,T4_affect_stigma,0
DD,184,2026-03-16 23:59:35 UTC,0,136,1,1,0,0,0,0,2,T1_everyday_coffee;T2_clarity_pace,0
DD,185,2026-03-16 23:53:05 UTC,0,122,1,0,0,0,0,0,1,T1_everyday_coffee,0
DD,186,2026-03-17 00:08:58 UTC,0,149,0,0,0,0,1,0,1,T5_concepts_prior,0
DD,187,2026-03-17 03:24:22 UTC,0,230,0,0,0,0,1,0,1,T5_concepts_prior,0
DD,188,2026-03-17 03:53:52 UTC,0,144,0,0,0,1,1,0,2,T4_affect_stigma;T5_concepts_prior,0
DD,189,2026-03-17 04:08:08 UTC,0,50,0,0,0,1,0,0,1,T4_affect_stigma,0
DD,190,2026-03-17 04:42:45 UTC,0,98,0,0,0,1,0,0,1,T4_affect_stigma,0
DD,191,2026-03-17 04:52:08 UTC,0,51,1,0,0,0,0,0,1,T1_everyday_coffee,0
DD,192,2026-03-19 08:20:15 UTC,0,132,0,1,0,0,1,0,2,T2_clarity_pace;T5_concepts_prior,0
DD,193,2026-03-17 12:17:24 UTC,0,197,0,0,0,1,0,0,1,T4_affect_stigma,0
DD,194,2026-03-20 00:36:03 UTC,0,162,1,0,0,0,0,1,2,T1_everyday_coffee;T6_limits_friction,0
DD,195,2026-03-17 22:03:30 UTC,0,94,0,0,0,0,1,0,1,T5_concepts_prior,0
DD,196,2026-03-17 23:23:13 UTC,0,98,1,0,0,0,0,0,1,T1_everyday_coffee,0
DD,197,2026-03-17 23:27:08 UTC,0,42,0,1,0,0,0,0,1,T2_clarity_pace,0
DD,198,2026-03-18 00:25:18 UTC,0,257,0,1,0,0,0,0,1,T2_clarity_pace,0
DD,199,2026-03-18 01:48:54 UTC,0,208,1,0,0,0,1,0,2,T1_everyday_coffee;T5_concepts_prior,0
DD,200,2026-03-18 01:52:31 UTC,0,74,0,0,1,0,0,0,1,T3_visual_immersion,0
DD,201,2026-03-18 02:47:18 UTC,0,142,0,0,1,1,0,0,2,T3_visual_immersion;T4_affect_stigma,0
DD,202,2026-03-18 02:50:21 UTC,0,238,0,0,0,1,0,0,1,T4_affect_stigma,0
DD,203,2026-03-18 05:13:29 UTC,0,153,0,0,0,0,0,0,0,,1
DD,204,2026-03-18 04:54:37 UTC,0,91,1,0,0,0,0,0,1,T1_everyday_coffee,0
DD,205,2026-03-20 18:06:07 UTC,0,89,0,0,1,0,0,0,1,T3_visual_immersion,0
DD,206,2026-03-18 22:32:53 UTC,0,302,0,1,0,0,0,0,1,T2_clarity_pace,0
DD,207,2026-03-19 00:40:20 UTC,0,150,0,0,0,1,0,0,1,T4_affect_stigma,0
DD,208,2026-03-19 06:18:49 UTC,0,208,0,0,0,1,1,0,2,T4_affect_stigma;T5_concepts_prior,0
DD,209,2026-03-19 06:48:51 UTC,0,330,1,0,0,1,1,1,4,T1_everyday_coffee;T4_affect_stigma;T5_concepts_prior;T6_limits_friction,0
DD,210,2026-03-19 23:16:07 UTC,0,349,1,1,0,1,0,1,4,T1_everyday_coffee;T2_clarity_pace;T4_affect_stigma;T6_limits_friction,0
MQ,1,2026-03-17 05:34:05 UTC,0,363,0,1,0,1,1,0,3,T2_clarity_pace;T4_affect_stigma;T5_concepts_prior,0
MQ,2,2026-03-11 06:06:16 UTC,0,443,0,1,0,1,0,0,2,T2_clarity_pace;T4_affect_stigma,0
MQ,3,2026-03-10 19:34:20 UTC,0,668,1,1,1,0,0,0,3,T1_everyday_coffee;T2_clarity_pace;T3_visual_immersion,0
MQ,4,2026-03-14 08:12:16 UTC,0,401,1,0,1,0,0,0,2,T1_everyday_coffee;T3_visual_immersion,0
MQ,5,2026-03-11 18:19:07 UTC,0,387,1,0,1,1,1,0,4,T1_everyday_coffee;T3_visual_immersion;T4_affect_stigma;T5_concepts_prior,0
MQ,6,2026-03-10 20:36:15 UTC,0,589,0,0,1,0,1,0,2,T3_visual_immersion;T5_concepts_prior,0
MQ,7,2026-03-11 05:21:25 UTC,0,305,1,0,0,1,0,0,2,T1_everyday_coffee;T4_affect_stigma,0
MQ,8,2026-03-19 23:52:58 UTC,0,25,0,0,0,0,0,0,0,,1
MQ,9,2026-03-11 22:15:53 UTC,0,273,0,1,0,1,0,0,2,T2_clarity_pace;T4_affect_stigma,0
MQ,10,2026-03-10 23:40:22 UTC,0,264,0,0,1,0,0,0,1,T3_visual_immersion,0
MQ,11,2026-03-12 23:38:43 UTC,0,170,1,0,1,0,0,0,2,T1_everyday_coffee;T3_visual_immersion,0
MQ,12,2026-03-11 07:24:16 UTC,0,320,0,0,1,0,1,0,2,T3_visual_immersion;T5_concepts_prior,0
MQ,13,2026-03-13 03:47:15 UTC,0,255,0,0,0,1,0,0,1,T4_affect_stigma,0
MQ,14,2026-03-14 17:01:42 UTC,0,210,1,0,0,0,0,0,1,T1_everyday_coffee,0
MQ,15,2026-03-12 21:45:12 UTC,0,369,1,1,1,0,1,0,4,T1_everyday_coffee;T2_clarity_pace;T3_visual_immersion;T5_concepts_prior,0
MQ,16,2026-03-10 19:24:03 UTC,0,164,1,0,0,0,0,0,1,T1_everyday_coffee,0
MQ,17,2026-03-11 19:11:39 UTC,0,180,0,0,0,1,0,1,2,T4_affect_stigma;T6_limits_friction,0
MQ,18,2026-03-12 03:59:05 UTC,0,97,0,1,0,0,0,0,1,T2_clarity_pace,0
MQ,20,2026-03-12 17:30:42 UTC,0,104,1,0,0,0,0,0,1,T1_everyday_coffee,0
MQ,21,2026-03-19 19:39:17 UTC,0,70,1,0,0,0,0,0,1,T1_everyday_coffee,0
MQ,22,2026-03-13 01:43:36 UTC,0,248,0,0,0,1,0,0,1,T4_affect_stigma,0
MQ,23,2026-03-12 17:21:54 UTC,0,404,0,1,0,1,0,0,2,T2_clarity_pace;T4_affect_stigma,0
MQ,24,2026-03-14 07:16:34 UTC,0,133,1,0,0,0,0,0,1,T1_everyday_coffee,0
MQ,25,2026-03-11 06:52:47 UTC,0,34,0,0,1,0,0,0,1,T3_visual_immersion,0
MQ,26,2026-03-17 23:04:06 UTC,0,219,0,0,0,0,0,0,0,,1
MQ,27,2026-03-16 10:06:07 UTC,0,101,0,1,1,0,0,0,2,T2_clarity_pace;T3_visual_immersion,0
MQ,28,2026-03-10 21:33:48 UTC,0,416,1,0,0,0,0,0,1,T1_everyday_coffee,0
MQ,29,2026-03-10 19:24:10 UTC,0,96,1,1,0,0,0,0,2,T1_everyday_coffee;T2_clarity_pace,0
MQ,30,2026-03-12 18:53:22 UTC,0,491,1,1,0,0,1,0,3,T1_everyday_coffee;T2_clarity_pace;T5_concepts_prior,0
MQ,31,2026-03-12 00:08:21 UTC,0,130,1,0,0,0,0,0,1,T1_everyday_coffee,0
MQ,32,2026-03-11 03:38:34 UTC,0,347,0,1,1,0,1,0,3,T2_clarity_pace;T3_visual_immersion;T5_concepts_prior,0
MQ,33,2026-03-14 05:54:40 UTC,0,308,0,1,0,1,0,0,2,T2_clarity_pace;T4_affect_stigma,0
MQ,34,2026-03-10 23:34:26 UTC,0,267,1,0,0,0,0,0,1,T1_everyday_coffee,0
MQ,35,2026-03-14 23:36:31 UTC,0,249,1,0,0,0,0,0,1,T1_everyday_coffee,0
MQ,36,2026-03-11 01:16:20 UTC,0,30,0,0,1,0,0,0,1,T3_visual_immersion,0
MQ,37,2026-03-11 23:33:53 UTC,0,396,1,1,0,1,0,0,3,T1_everyday_coffee;T2_clarity_pace;T4_affect_stigma,0
MQ,38,2026-03-17 02:00:08 UTC,0,102,1,0,0,0,0,0,1,T1_everyday_coffee,0
MQ,39,2026-03-11 19:39:58 UTC,0,109,1,0,1,0,0,0,2,T1_everyday_coffee;T3_visual_immersion,0
MQ,40,2026-03-14 01:23:05 UTC,0,46,0,0,0,0,1,0,1,T5_concepts_prior,0
MQ,41,2026-03-10 18:30:13 UTC,0,201,0,0,0,0,0,0,0,,1
MQ,42,2026-03-20 04:26:38 UTC,0,58,0,1,0,0,1,0,2,T2_clarity_pace;T5_concepts_prior,0
MQ,43,2026-03-20 04:19:44 UTC,0,145,0,1,1,1,0,0,3,T2_clarity_pace;T3_visual_immersion;T4_affect_stigma,0
MQ,44,2026-03-13 21:08:27 UTC,0,182,1,0,0,0,0,0,1,T1_everyday_coffee,0
MQ,45,2026-03-12 21:24:47 UTC,0,156,1,0,0,0,0,0,1,T1_everyday_coffee,0
MQ,46,2026-03-13 19:11:40 UTC,0,167,0,0,0,1,0,0,1,T4_affect_stigma,0
MQ,47,2026-03-14 07:13:41 UTC,0,274,0,1,0,0,0,0,1,T2_clarity_pace,0
MQ,48,2026-03-11 00:20:17 UTC,0,154,1,0,0,0,0,0,1,T1_everyday_coffee,0
MQ,49,2026-03-10 17:02:08 UTC,0,407,1,1,1,0,0,1,4,T1_everyday_coffee;T2_clarity_pace;T3_visual_immersion;T6_limits_friction,0
MQ,51,2026-03-17 06:57:40 UTC,0,226,0,0,1,1,0,0,2,T3_visual_immersion;T4_affect_stigma,0
MQ,52,2026-03-13 03:53:19 UTC,0,150,1,0,0,0,0,0,1,T1_everyday_coffee,0
MQ,53,2026-03-11 02:49:42 UTC,0,127,0,0,0,0,0,1,1,T6_limits_friction,0
MQ,54,2026-03-11 21:02:24 UTC,0,31,0,0,1,0,0,0,1,T3_visual_immersion,0
MQ,55,2026-03-10 19:00:47 UTC,0,159,1,0,0,0,0,0,1,T1_everyday_coffee,0
MQ,56,2026-03-15 01:36:48 UTC,0,85,0,0,0,0,0,0,0,,1
MQ,57,2026-03-12 01:44:59 UTC,0,247,1,0,0,0,0,0,1,T1_everyday_coffee,0
MQ,58,2026-03-19 05:10:44 UTC,0,303,0,0,0,1,1,0,2,T4_affect_stigma;T5_concepts_prior,0
MQ,59,2026-03-11 06:36:42 UTC,0,202,1,0,0,0,0,0,1,T1_everyday_coffee,0
MQ,60,2026-03-10 21:33:09 UTC,0,111,0,0,0,1,0,0,1,T4_affect_stigma,0
MQ,61,2026-03-12 01:21:52 UTC,0,66,0,0,0,0,0,0,0,,1
MQ,62,2026-03-12 01:22:20 UTC,0,169,1,0,0,0,0,0,1,T1_everyday_coffee,0
MQ,63,2026-03-16 01:11:14 UTC,0,152,0,0,1,0,0,0,1,T3_visual_immersion,0
MQ,64,2026-03-16 20:15:40 UTC,0,21,0,0,0,0,1,0,1,T5_concepts_prior,0
MQ,65,2026-03-13 22:20:37 UTC,0,295,1,1,0,0,0,0,2,T1_everyday_coffee;T2_clarity_pace,0
MQ,66,2026-03-12 22:59:12 UTC,0,204,0,0,0,0,0,0,0,,1
MQ,67,2026-03-14 00:11:37 UTC,0,58,0,0,1,0,0,0,1,T3_visual_immersion,0
MQ,68,2026-03-15 19:39:37 UTC,0,258,1,0,0,0,0,0,1,T1_everyday_coffee,0
MQ,69,2026-03-11 03:36:14 UTC,0,420,0,1,1,1,0,0,3,T2_clarity_pace;T3_visual_immersion;T4_affect_stigma,0
MQ,70,2026-03-10 15:34:23 UTC,0,325,0,0,0,1,0,0,1,T4_affect_stigma,0
MQ,71,2026-03-10 15:40:04 UTC,0,136,1,0,0,0,0,0,1,T1_everyday_coffee,0
MQ,72,2026-03-10 15:59:21 UTC,0,157,0,0,0,0,1,0,1,T5_concepts_prior,0
MQ,73,2026-03-10 16:40:46 UTC,0,388,0,0,1,1,0,0,2,T3_visual_immersion;T4_affect_stigma,0
MQ,74,2026-03-10 16:30:38 UTC,0,68,0,0,0,1,0,0,1,T4_affect_stigma,0
MQ,75,2026-03-10 17:16:54 UTC,0,336,1,1,0,1,1,0,4,T1_everyday_coffee;T2_clarity_pace;T4_affect_stigma;T5_concepts_prior,0
MQ,76,2026-03-10 18:01:57 UTC,0,130,0,0,0,1,0,0,1,T4_affect_stigma,0
MQ,77,2026-03-10 18:22:23 UTC,0,121,1,0,0,0,0,0,1,T1_everyday_coffee,0
MQ,78,2026-03-15 07:42:13 UTC,0,158,0,1,0,1,0,0,2,T2_clarity_pace;T4_affect_stigma,0
MQ,79,2026-03-10 18:57:28 UTC,0,146,0,1,0,1,0,0,2,T2_clarity_pace;T4_affect_stigma,0
MQ,80,2026-03-12 17:15:15 UTC,0,48,0,0,0,0,0,0,0,,1
MQ,81,2026-03-10 19:25:07 UTC,0,170,0,1,0,0,0,0,1,T2_clarity_pace,0
MQ,82,2026-03-10 20:31:33 UTC,0,263,0,0,0,0,0,0,0,,1
MQ,83,2026-03-10 20:33:18 UTC,0,144,0,1,1,0,0,0,2,T2_clarity_pace;T3_visual_immersion,0
MQ,84,2026-03-10 20:49:52 UTC,0,163,0,1,0,0,0,0,1,T2_clarity_pace,0
MQ,85,2026-03-11 00:33:14 UTC,0,190,1,0,1,0,0,0,2,T1_everyday_coffee;T3_visual_immersion,0
MQ,86,2026-03-10 21:39:59 UTC,0,279,1,1,1,0,0,0,3,T1_everyday_coffee;T2_clarity_pace;T3_visual_immersion,0
MQ,87,2026-03-10 22:33:31 UTC,0,41,0,0,0,0,0,0,0,,1
MQ,88,2026-03-10 22:52:53 UTC,0,260,1,0,0,0,0,0,1,T1_everyday_coffee,0
MQ,89,2026-03-10 23:13:55 UTC,0,263,1,0,0,0,0,0,1,T1_everyday_coffee,0
MQ,91,2026-03-10 23:24:16 UTC,0,154,1,0,0,0,0,0,1,T1_everyday_coffee,0
MQ,92,2026-03-10 23:24:01 UTC,0,129,0,0,0,1,0,0,1,T4_affect_stigma,0
MQ,93,2026-03-11 08:26:18 UTC,0,139,0,0,0,0,1,0,1,T5_concepts_prior,0
MQ,94,2026-03-11 00:06:32 UTC,0,281,0,0,1,1,0,0,2,T3_visual_immersion;T4_affect_stigma,0
MQ,95,2026-03-11 21:17:58 UTC,0,133,1,0,0,0,0,0,1,T1_everyday_coffee,0
MQ,96,2026-03-11 00:31:36 UTC,0,83,1,0,0,0,1,0,2,T1_everyday_coffee;T5_concepts_prior,0
MQ,97,2026-03-11 00:33:47 UTC,0,93,0,0,0,1,0,0,1,T4_affect_stigma,0
MQ,98,2026-03-11 03:58:37 UTC,0,729,1,0,0,0,1,0,2,T1_everyday_coffee;T5_concepts_prior,0
MQ,99,2026-03-11 01:17:05 UTC,0,77,0,0,0,0,0,0,0,,1
MQ,100,2026-03-11 02:06:27 UTC,0,313,1,1,1,0,0,0,3,T1_everyday_coffee;T2_clarity_pace;T3_visual_immersion,0
MQ,101,2026-03-11 03:14:46 UTC,0,128,1,0,0,0,0,0,1,T1_everyday_coffee,0
MQ,102,2026-03-11 03:29:46 UTC,0,126,0,0,1,1,0,0,2,T3_visual_immersion;T4_affect_stigma,0
MQ,103,2026-03-11 04:22:35 UTC,0,232,1,0,0,0,0,0,1,T1_everyday_coffee,0
MQ,104,2026-03-11 04:30:56 UTC,0,215,0,0,0,0,0,0,0,,1
MQ,105,2026-03-13 02:36:04 UTC,0,237,0,0,0,0,1,0,1,T5_concepts_prior,0
MQ,106,2026-03-11 06:11:00 UTC,0,343,1,0,0,0,0,0,1,T1_everyday_coffee,0
MQ,107,2026-03-11 06:24:39 UTC,0,59,0,0,0,0,0,1,1,T6_limits_friction,0
MQ,108,2026-03-11 07:12:06 UTC,0,97,0,0,0,0,1,0,1,T5_concepts_prior,0
MQ,109,2026-03-11 07:21:58 UTC,0,200,0,0,1,1,1,0,3,T3_visual_immersion;T4_affect_stigma;T5_concepts_prior,0
MQ,110,2026-03-12 01:10:17 UTC,0,141,0,0,0,0,0,0,0,,1
MQ,111,2026-03-11 21:06:06 UTC,0,164,0,0,0,1,0,0,1,T4_affect_stigma,0
MQ,112,2026-03-11 16:05:38 UTC,0,256,1,0,0,0,0,0,1,T1_everyday_coffee,0
MQ,113,2026-03-11 17:08:03 UTC,0,29,0,0,0,0,0,0,0,,1
MQ,114,2026-03-11 18:57:33 UTC,0,498,1,0,0,0,0,0,1,T1_everyday_coffee,0
MQ,115,2026-03-11 19:53:38 UTC,0,248,0,0,0,0,0,0,0,,1
MQ,116,2026-03-11 20:24:04 UTC,0,137,0,1,1,0,0,0,2,T2_clarity_pace;T3_visual_immersion,0
MQ,117,2026-03-11 21:26:43 UTC,0,296,1,0,0,0,0,0,1,T1_everyday_coffee,0
MQ,118,2026-03-12 16:17:01 UTC,0,116,0,0,0,0,0,1,1,T6_limits_friction,0
MQ,119,2026-03-12 03:57:14 UTC,0,299,1,0,0,0,0,0,1,T1_everyday_coffee,0
MQ,120,2026-03-12 02:03:45 UTC,0,317,0,0,0,0,0,0,0,,1
MQ,121,2026-03-15 17:10:20 UTC,0,224,1,0,0,0,1,0,2,T1_everyday_coffee;T5_concepts_prior,0
MQ,122,2026-03-11 23:25:54 UTC,0,227,0,1,0,1,1,0,3,T2_clarity_pace;T4_affect_stigma;T5_concepts_prior,0
MQ,123,2026-03-11 23:49:15 UTC,0,56,0,0,0,0,0,0,0,,1
MQ,124,2026-03-11 23:57:39 UTC,0,130,1,0,0,0,0,0,1,T1_everyday_coffee,0
MQ,125,2026-03-12 01:39:56 UTC,0,208,1,1,0,0,0,0,2,T1_everyday_coffee;T2_clarity_pace,0
MQ,127,2026-03-12 02:56:21 UTC,0,210,0,0,0,0,1,0,1,T5_concepts_prior,0
MQ,128,2026-03-12 03:33:18 UTC,0,82,0,1,0,0,1,0,2,T2_clarity_pace;T5_concepts_prior,0
MQ,129,2026-03-12 03:36:50 UTC,0,154,0,0,1,0,0,0,1,T3_visual_immersion,0
MQ,130,2026-03-12 04:12:14 UTC,0,158,0,1,1,0,1,0,3,T2_clarity_pace;T3_visual_immersion;T5_concepts_prior,0
MQ,131,2026-03-12 07:24:50 UTC,0,171,0,0,1,0,0,0,1,T3_visual_immersion,0
MQ,132,2026-03-12 06:58:50 UTC,0,383,1,1,1,0,0,0,3,T1_everyday_coffee;T2_clarity_pace;T3_visual_immersion,0
MQ,133,2026-03-12 23:15:41 UTC,0,69,0,0,1,0,0,0,1,T3_visual_immersion,0
MQ,134,2026-03-18 17:08:23 UTC,0,101,0,0,0,0,0,0,0,,1
MQ,136,2026-03-15 06:30:13 UTC,0,137,0,0,1,0,0,0,1,T3_visual_immersion,0
MQ,137,2026-03-12 23:28:27 UTC,0,118,1,0,0,0,0,0,1,T1_everyday_coffee,0
MQ,138,2026-03-13 00:32:58 UTC,0,291,0,0,0,1,0,0,1,T4_affect_stigma,0
MQ,139,2026-03-17 16:24:50 UTC,0,308,1,0,0,0,1,0,2,T1_everyday_coffee;T5_concepts_prior,0
MQ,140,2026-03-13 05:52:45 UTC,0,305,0,1,0,0,0,0,1,T2_clarity_pace,0
MQ,141,2026-03-13 05:53:17 UTC,0,212,0,1,0,0,0,0,1,T2_clarity_pace,0
MQ,142,2026-03-13 07:37:44 UTC,0,122,0,1,1,0,0,0,2,T2_clarity_pace;T3_visual_immersion,0
MQ,143,2026-03-16 21:34:42 UTC,0,116,0,1,0,0,0,0,1,T2_clarity_pace,0
MQ,144,2026-03-13 17:56:47 UTC,0,158,0,0,1,1,0,0,2,T3_visual_immersion;T4_affect_stigma,0
MQ,145,2026-03-30 03:50:47 UTC,0,84,0,0,1,0,0,0,1,T3_visual_immersion,0
MQ,146,2026-03-14 01:03:53 UTC,0,252,0,0,0,1,0,0,1,T4_affect_stigma,0
MQ,147,2026-03-13 21:10:20 UTC,0,225,0,1,0,0,1,0,2,T2_clarity_pace;T5_concepts_prior,0
MQ,148,2026-03-13 21:48:35 UTC,0,125,1,0,0,0,0,0,1,T1_everyday_coffee,0
MQ,149,2026-03-13 22:18:49 UTC,0,168,1,0,0,0,1,0,2,T1_everyday_coffee;T5_concepts_prior,0
MQ,150,2026-03-14 04:33:15 UTC,0,223,0,0,0,0,0,0,0,,1
MQ,151,2026-03-14 05:43:11 UTC,0,170,1,0,0,0,0,0,1,T1_everyday_coffee,0
MQ,152,2026-03-14 05:56:21 UTC,0,128,0,1,0,0,1,0,2,T2_clarity_pace;T5_concepts_prior,0
MQ,153,2026-03-14 06:14:03 UTC,0,86,0,0,0,0,0,0,0,,1
MQ,154,2026-03-16 09:05:17 UTC,0,183,0,0,1,1,0,0,2,T3_visual_immersion;T4_affect_stigma,0
MQ,155,2026-03-14 19:45:43 UTC,0,257,1,0,1,0,0,0,2,T1_everyday_coffee;T3_visual_immersion,0
MQ,156,2026-03-15 00:24:48 UTC,0,174,1,0,0,0,0,0,1,T1_everyday_coffee,0
MQ,157,2026-03-15 00:45:34 UTC,0,260,1,1,1,0,0,0,3,T1_everyday_coffee;T2_clarity_pace;T3_visual_immersion,0
MQ,158,2026-03-15 01:17:32 UTC,0,187,0,0,0,0,1,0,1,T5_concepts_prior,0
MQ,159,2026-03-15 23:25:47 UTC,0,122,0,1,0,0,0,0,1,T2_clarity_pace,0
MQ,160,2026-03-15 23:51:03 UTC,0,470,1,1,0,0,0,0,2,T1_everyday_coffee;T2_clarity_pace,0
MQ,161,2026-03-16 04:15:53 UTC,0,90,1,0,0,0,0,0,1,T1_everyday_coffee,0
MQ,163,2026-03-16 22:35:33 UTC,0,300,1,1,0,0,0,0,2,T1_everyday_coffee;T2_clarity_pace,0
MQ,164,2026-03-17 02:34:59 UTC,0,120,0,0,0,0,0,0,0,,1
MQ,165,2026-03-17 04:03:48 UTC,0,130,0,0,1,0,0,0,1,T3_visual_immersion,0
MQ,166,2026-03-17 05:39:10 UTC,0,36,0,0,0,0,0,0,0,,1
MQ,167,2026-03-17 05:57:40 UTC,0,13,0,0,0,0,1,0,1,T5_concepts_prior,0
MQ,168,2026-03-17 21:37:19 UTC,0,66,0,0,0,0,0,0,0,,1
MQ,169,2026-03-17 22:47:56 UTC,0,75,0,1,1,0,0,0,2,T2_clarity_pace;T3_visual_immersion,0
MQ,170,2026-03-18 07:17:43 UTC,0,195,1,0,0,0,0,0,1,T1_everyday_coffee,0
MQ,171,2026-03-20 02:50:05 UTC,0,145,1,0,0,0,0,0,1,T1_everyday_coffee,0
