cohort,submission_n,submitted_utc,essay_blank,theme_column,theme_label,coded
DD,1,2026-03-22 07:20:58 UTC,0,T1_everyday_coffee,Theme 1 — Everyday anchoring (coffee / real world / sensory),1
DD,1,2026-03-22 07:20:58 UTC,0,T6_limits_friction,Theme 6 — Limits / skepticism / friction,1
DD,2,2026-03-14 04:10:08 UTC,0,T2_clarity_pace,Theme 2 — Clarity / pace / digestibility,1
DD,4,2026-03-14 04:14:30 UTC,0,T3_visual_immersion,Theme 3 — Visual / multimodal / immersion,1
DD,5,2026-03-15 06:17:25 UTC,0,T4_affect_stigma,Theme 4 — Affect / fear / stigma,1
DD,5,2026-03-15 06:17:25 UTC,0,T6_limits_friction,Theme 6 — Limits / skepticism / friction,1
DD,6,2026-03-14 04:26:29 UTC,0,T1_everyday_coffee,Theme 1 — Everyday anchoring (coffee / real world / sensory),1
DD,7,2026-03-14 20:25:04 UTC,0,T4_affect_stigma,Theme 4 — Affect / fear / stigma,1
DD,8,2026-03-14 04:26:24 UTC,0,T6_limits_friction,Theme 6 — Limits / skepticism / friction,1
DD,9,2026-03-14 04:25:54 UTC,0,T3_visual_immersion,Theme 3 — Visual / multimodal / immersion,1
DD,10,2026-03-14 04:33:51 UTC,0,T1_everyday_coffee,Theme 1 — Everyday anchoring (coffee / real world / sensory),1
DD,12,2026-03-14 06:12:26 UTC,0,T2_clarity_pace,Theme 2 — Clarity / pace / digestibility,1
DD,12,2026-03-14 06:12:26 UTC,0,T4_affect_stigma,Theme 4 — Affect / fear / stigma,1
DD,13,2026-03-14 04:42:34 UTC,0,T1_everyday_coffee,Theme 1 — Everyday anchoring (coffee / real world / sensory),1
DD,15,2026-03-14 04:48:37 UTC,0,T5_concepts_prior,Theme 5 — Concepts / prior knowledge,1
DD,16,2026-03-14 04:48:21 UTC,0,T4_affect_stigma,Theme 4 — Affect / fear / stigma,1
DD,16,2026-03-14 04:48:21 UTC,0,T5_concepts_prior,Theme 5 — Concepts / prior knowledge,1
DD,17,2026-03-14 05:52:12 UTC,0,T1_everyday_coffee,Theme 1 — Everyday anchoring (coffee / real world / sensory),1
DD,18,2026-03-18 07:46:14 UTC,0,T3_visual_immersion,Theme 3 — Visual / multimodal / immersion,1
DD,19,2026-03-14 05:09:32 UTC,0,T4_affect_stigma,Theme 4 — Affect / fear / stigma,1
DD,20,2026-03-14 05:10:40 UTC,0,T2_clarity_pace,Theme 2 — Clarity / pace / digestibility,1
DD,21,2026-03-14 05:18:05 UTC,0,T1_everyday_coffee,Theme 1 — Everyday anchoring (coffee / real world / sensory),1
DD,22,2026-03-16 00:55:49 UTC,0,T1_everyday_coffee,Theme 1 — Everyday anchoring (coffee / real world / sensory),1
DD,22,2026-03-16 00:55:49 UTC,0,T3_visual_immersion,Theme 3 — Visual / multimodal / immersion,1
DD,23,2026-03-14 05:17:13 UTC,0,T1_everyday_coffee,Theme 1 — Everyday anchoring (coffee / real world / sensory),1
DD,24,2026-03-14 06:39:29 UTC,0,T4_affect_stigma,Theme 4 — Affect / fear / stigma,1
DD,25,2026-03-14 05:25:32 UTC,0,T1_everyday_coffee,Theme 1 — Everyday anchoring (coffee / real world / sensory),1
DD,25,2026-03-14 05:25:32 UTC,0,T2_clarity_pace,Theme 2 — Clarity / pace / digestibility,1
DD,25,2026-03-14 05:25:32 UTC,0,T5_concepts_prior,Theme 5 — Concepts / prior knowledge,1
DD,26,2026-03-14 05:22:49 UTC,0,T1_everyday_coffee,Theme 1 — Everyday anchoring (coffee / real world / sensory),1
DD,27,2026-03-14 05:30:29 UTC,0,T1_everyday_coffee,Theme 1 — Everyday anchoring (coffee / real world / sensory),1
DD,27,2026-03-14 05:30:29 UTC,0,T2_clarity_pace,Theme 2 — Clarity / pace / digestibility,1
DD,28,2026-03-14 05:36:28 UTC,0,T3_visual_immersion,Theme 3 — Visual / multimodal / immersion,1
DD,28,2026-03-14 05:36:28 UTC,0,T5_concepts_prior,Theme 5 — Concepts / prior knowledge,1
DD,29,2026-03-14 05:52:18 UTC,0,T1_everyday_coffee,Theme 1 — Everyday anchoring (coffee / real world / sensory),1
DD,30,2026-03-14 06:02:31 UTC,0,T2_clarity_pace,Theme 2 — Clarity / pace / digestibility,1
DD,30,2026-03-14 06:02:31 UTC,0,T4_affect_stigma,Theme 4 — Affect / fear / stigma,1
DD,30,2026-03-14 06:02:31 UTC,0,T5_concepts_prior,Theme 5 — Concepts / prior knowledge,1
DD,31,2026-03-15 21:53:02 UTC,0,T5_concepts_prior,Theme 5 — Concepts / prior knowledge,1
DD,32,2026-03-14 05:45:24 UTC,0,T5_concepts_prior,Theme 5 — Concepts / prior knowledge,1
DD,33,2026-03-14 05:58:38 UTC,0,T3_visual_immersion,Theme 3 — Visual / multimodal / immersion,1
DD,35,2026-03-14 06:12:05 UTC,0,T1_everyday_coffee,Theme 1 — Everyday anchoring (coffee / real world / sensory),1
DD,37,2026-03-14 06:40:09 UTC,0,T3_visual_immersion,Theme 3 — Visual / multimodal / immersion,1
DD,37,2026-03-14 06:40:09 UTC,0,T4_affect_stigma,Theme 4 — Affect / fear / stigma,1
DD,38,2026-03-14 06:13:16 UTC,0,T1_everyday_coffee,Theme 1 — Everyday anchoring (coffee / real world / sensory),1
DD,38,2026-03-14 06:13:16 UTC,0,T5_concepts_prior,Theme 5 — Concepts / prior knowledge,1
DD,39,2026-03-14 06:13:30 UTC,0,T5_concepts_prior,Theme 5 — Concepts / prior knowledge,1
DD,40,2026-03-14 07:13:10 UTC,0,T4_affect_stigma,Theme 4 — Affect / fear / stigma,1
DD,41,2026-03-14 06:17:05 UTC,0,T2_clarity_pace,Theme 2 — Clarity / pace / digestibility,1
DD,42,2026-03-14 06:23:36 UTC,0,T2_clarity_pace,Theme 2 — Clarity / pace / digestibility,1
DD,42,2026-03-14 06:23:36 UTC,0,T3_visual_immersion,Theme 3 — Visual / multimodal / immersion,1
DD,42,2026-03-14 06:23:36 UTC,0,T5_concepts_prior,Theme 5 — Concepts / prior knowledge,1
DD,43,2026-03-14 06:41:08 UTC,0,T4_affect_stigma,Theme 4 — Affect / fear / stigma,1
DD,44,2026-03-14 06:27:08 UTC,0,T3_visual_immersion,Theme 3 — Visual / multimodal / immersion,1
DD,44,2026-03-14 06:27:08 UTC,0,T4_affect_stigma,Theme 4 — Affect / fear / stigma,1
DD,44,2026-03-14 06:27:08 UTC,0,T6_limits_friction,Theme 6 — Limits / skepticism / friction,1
DD,45,2026-03-14 06:31:00 UTC,0,T1_everyday_coffee,Theme 1 — Everyday anchoring (coffee / real world / sensory),1
DD,46,2026-03-14 06:34:10 UTC,0,T2_clarity_pace,Theme 2 — Clarity / pace / digestibility,1
DD,46,2026-03-14 06:34:10 UTC,0,T3_visual_immersion,Theme 3 — Visual / multimodal / immersion,1
DD,47,2026-03-14 06:33:04 UTC,0,T1_everyday_coffee,Theme 1 — Everyday anchoring (coffee / real world / sensory),1
DD,47,2026-03-14 06:33:04 UTC,0,T3_visual_immersion,Theme 3 — Visual / multimodal / immersion,1
DD,49,2026-03-14 06:37:24 UTC,0,T1_everyday_coffee,Theme 1 — Everyday anchoring (coffee / real world / sensory),1
DD,49,2026-03-14 06:37:24 UTC,0,T3_visual_immersion,Theme 3 — Visual / multimodal / immersion,1
DD,50,2026-03-15 22:00:32 UTC,0,T3_visual_immersion,Theme 3 — Visual / multimodal / immersion,1
DD,50,2026-03-15 22:00:32 UTC,0,T4_affect_stigma,Theme 4 — Affect / fear / stigma,1
DD,51,2026-03-14 06:59:30 UTC,0,T3_visual_immersion,Theme 3 — Visual / multimodal / immersion,1
DD,52,2026-03-14 06:57:42 UTC,0,T1_everyday_coffee,Theme 1 — Everyday anchoring (coffee / real world / sensory),1
DD,53,2026-03-14 07:27:03 UTC,0,T1_everyday_coffee,Theme 1 — Everyday anchoring (coffee / real world / sensory),1
DD,54,2026-03-14 07:43:14 UTC,0,T1_everyday_coffee,Theme 1 — Everyday anchoring (coffee / real world / sensory),1
DD,55,2026-03-14 18:39:30 UTC,0,T2_clarity_pace,Theme 2 — Clarity / pace / digestibility,1
DD,55,2026-03-14 18:39:30 UTC,0,T3_visual_immersion,Theme 3 — Visual / multimodal / immersion,1
DD,56,2026-03-14 08:01:11 UTC,0,T3_visual_immersion,Theme 3 — Visual / multimodal / immersion,1
DD,57,2026-03-14 10:31:31 UTC,0,T1_everyday_coffee,Theme 1 — Everyday anchoring (coffee / real world / sensory),1
DD,59,2026-03-14 08:09:34 UTC,0,T4_affect_stigma,Theme 4 — Affect / fear / stigma,1
DD,60,2026-03-14 08:18:01 UTC,0,T1_everyday_coffee,Theme 1 — Everyday anchoring (coffee / real world / sensory),1
DD,61,2026-03-18 01:45:53 UTC,0,T3_visual_immersion,Theme 3 — Visual / multimodal / immersion,1
DD,62,2026-03-14 08:35:19 UTC,0,T5_concepts_prior,Theme 5 — Concepts / prior knowledge,1
DD,64,2026-03-14 16:07:06 UTC,0,T2_clarity_pace,Theme 2 — Clarity / pace / digestibility,1
DD,64,2026-03-14 16:07:06 UTC,0,T4_affect_stigma,Theme 4 — Affect / fear / stigma,1
DD,65,2026-03-14 16:15:21 UTC,0,T2_clarity_pace,Theme 2 — Clarity / pace / digestibility,1
DD,65,2026-03-14 16:15:21 UTC,0,T3_visual_immersion,Theme 3 — Visual / multimodal / immersion,1
DD,65,2026-03-14 16:15:21 UTC,0,T5_concepts_prior,Theme 5 — Concepts / prior knowledge,1
DD,66,2026-03-14 16:42:19 UTC,0,T1_everyday_coffee,Theme 1 — Everyday anchoring (coffee / real world / sensory),1
DD,67,2026-03-15 17:47:57 UTC,0,T2_clarity_pace,Theme 2 — Clarity / pace / digestibility,1
DD,67,2026-03-15 17:47:57 UTC,0,T6_limits_friction,Theme 6 — Limits / skepticism / friction,1
DD,68,2026-03-14 17:47:48 UTC,0,T4_affect_stigma,Theme 4 — Affect / fear / stigma,1
DD,69,2026-03-14 18:40:20 UTC,0,T5_concepts_prior,Theme 5 — Concepts / prior knowledge,1
DD,70,2026-03-14 18:36:45 UTC,0,T1_everyday_coffee,Theme 1 — Everyday anchoring (coffee / real world / sensory),1
DD,70,2026-03-14 18:36:45 UTC,0,T3_visual_immersion,Theme 3 — Visual / multimodal / immersion,1
DD,71,2026-03-14 18:48:32 UTC,0,T1_everyday_coffee,Theme 1 — Everyday anchoring (coffee / real world / sensory),1
DD,72,2026-03-14 19:10:09 UTC,0,T2_clarity_pace,Theme 2 — Clarity / pace / digestibility,1
DD,72,2026-03-14 19:10:09 UTC,0,T5_concepts_prior,Theme 5 — Concepts / prior knowledge,1
DD,74,2026-03-16 00:33:16 UTC,0,T1_everyday_coffee,Theme 1 — Everyday anchoring (coffee / real world / sensory),1
DD,75,2026-03-14 20:11:58 UTC,0,T4_affect_stigma,Theme 4 — Affect / fear / stigma,1
DD,76,2026-03-14 19:47:03 UTC,0,T1_everyday_coffee,Theme 1 — Everyday anchoring (coffee / real world / sensory),1
DD,76,2026-03-14 19:47:03 UTC,0,T4_affect_stigma,Theme 4 — Affect / fear / stigma,1
DD,77,2026-03-14 19:53:21 UTC,0,T1_everyday_coffee,Theme 1 — Everyday anchoring (coffee / real world / sensory),1
DD,77,2026-03-14 19:53:21 UTC,0,T5_concepts_prior,Theme 5 — Concepts / prior knowledge,1
DD,78,2026-03-14 20:46:11 UTC,0,T2_clarity_pace,Theme 2 — Clarity / pace / digestibility,1
DD,78,2026-03-14 20:46:11 UTC,0,T5_concepts_prior,Theme 5 — Concepts / prior knowledge,1
DD,79,2026-03-14 20:46:21 UTC,0,T5_concepts_prior,Theme 5 — Concepts / prior knowledge,1
DD,81,2026-03-14 21:20:54 UTC,0,T4_affect_stigma,Theme 4 — Affect / fear / stigma,1
DD,82,2026-03-14 21:29:11 UTC,0,T4_affect_stigma,Theme 4 — Affect / fear / stigma,1
DD,83,2026-03-15 00:27:55 UTC,0,T1_everyday_coffee,Theme 1 — Everyday anchoring (coffee / real world / sensory),1
DD,84,2026-03-14 21:36:36 UTC,0,T2_clarity_pace,Theme 2 — Clarity / pace / digestibility,1
DD,84,2026-03-14 21:36:36 UTC,0,T3_visual_immersion,Theme 3 — Visual / multimodal / immersion,1
DD,85,2026-03-14 21:39:21 UTC,0,T1_everyday_coffee,Theme 1 — Everyday anchoring (coffee / real world / sensory),1
DD,85,2026-03-14 21:39:21 UTC,0,T5_concepts_prior,Theme 5 — Concepts / prior knowledge,1
DD,87,2026-03-14 22:10:08 UTC,0,T1_everyday_coffee,Theme 1 — Everyday anchoring (coffee / real world / sensory),1
DD,88,2026-03-14 22:22:47 UTC,0,T1_everyday_coffee,Theme 1 — Everyday anchoring (coffee / real world / sensory),1
DD,89,2026-03-14 22:24:27 UTC,0,T1_everyday_coffee,Theme 1 — Everyday anchoring (coffee / real world / sensory),1
DD,91,2026-03-15 22:14:13 UTC,0,T2_clarity_pace,Theme 2 — Clarity / pace / digestibility,1
DD,91,2026-03-15 22:14:13 UTC,0,T3_visual_immersion,Theme 3 — Visual / multimodal / immersion,1
DD,91,2026-03-15 22:14:13 UTC,0,T4_affect_stigma,Theme 4 — Affect / fear / stigma,1
DD,92,2026-03-14 22:43:51 UTC,0,T1_everyday_coffee,Theme 1 — Everyday anchoring (coffee / real world / sensory),1
DD,93,2026-03-16 08:51:17 UTC,0,T5_concepts_prior,Theme 5 — Concepts / prior knowledge,1
DD,94,2026-03-19 17:17:30 UTC,0,T3_visual_immersion,Theme 3 — Visual / multimodal / immersion,1
DD,95,2026-03-14 22:53:37 UTC,0,T1_everyday_coffee,Theme 1 — Everyday anchoring (coffee / real world / sensory),1
DD,95,2026-03-14 22:53:37 UTC,0,T3_visual_immersion,Theme 3 — Visual / multimodal / immersion,1
DD,96,2026-03-14 23:13:17 UTC,0,T1_everyday_coffee,Theme 1 — Everyday anchoring (coffee / real world / sensory),1
DD,97,2026-03-14 23:13:01 UTC,0,T5_concepts_prior,Theme 5 — Concepts / prior knowledge,1
DD,98,2026-03-14 23:11:11 UTC,0,T1_everyday_coffee,Theme 1 — Everyday anchoring (coffee / real world / sensory),1
DD,99,2026-03-14 23:30:24 UTC,0,T3_visual_immersion,Theme 3 — Visual / multimodal / immersion,1
DD,100,2026-03-14 23:50:16 UTC,0,T5_concepts_prior,Theme 5 — Concepts / prior knowledge,1
DD,101,2026-03-15 00:17:28 UTC,0,T1_everyday_coffee,Theme 1 — Everyday anchoring (coffee / real world / sensory),1
DD,102,2026-03-15 00:46:35 UTC,0,T1_everyday_coffee,Theme 1 — Everyday anchoring (coffee / real world / sensory),1
DD,102,2026-03-15 00:46:35 UTC,0,T2_clarity_pace,Theme 2 — Clarity / pace / digestibility,1
DD,103,2026-03-15 01:24:34 UTC,0,T2_clarity_pace,Theme 2 — Clarity / pace / digestibility,1
DD,103,2026-03-15 01:24:34 UTC,0,T4_affect_stigma,Theme 4 — Affect / fear / stigma,1
DD,103,2026-03-15 01:24:34 UTC,0,T5_concepts_prior,Theme 5 — Concepts / prior knowledge,1
DD,104,2026-03-15 01:16:48 UTC,0,T1_everyday_coffee,Theme 1 — Everyday anchoring (coffee / real world / sensory),1
DD,104,2026-03-15 01:16:48 UTC,0,T2_clarity_pace,Theme 2 — Clarity / pace / digestibility,1
DD,105,2026-03-15 01:43:18 UTC,0,T3_visual_immersion,Theme 3 — Visual / multimodal / immersion,1
DD,105,2026-03-15 01:43:18 UTC,0,T4_affect_stigma,Theme 4 — Affect / fear / stigma,1
DD,106,2026-03-15 02:11:57 UTC,0,T4_affect_stigma,Theme 4 — Affect / fear / stigma,1
DD,107,2026-03-16 05:59:21 UTC,0,T5_concepts_prior,Theme 5 — Concepts / prior knowledge,1
DD,108,2026-03-15 02:11:50 UTC,0,T1_everyday_coffee,Theme 1 — Everyday anchoring (coffee / real world / sensory),1
DD,109,2026-03-15 02:10:45 UTC,0,T1_everyday_coffee,Theme 1 — Everyday anchoring (coffee / real world / sensory),1
DD,109,2026-03-15 02:10:45 UTC,0,T2_clarity_pace,Theme 2 — Clarity / pace / digestibility,1
DD,109,2026-03-15 02:10:45 UTC,0,T3_visual_immersion,Theme 3 — Visual / multimodal / immersion,1
DD,110,2026-03-15 03:01:08 UTC,0,T1_everyday_coffee,Theme 1 — Everyday anchoring (coffee / real world / sensory),1
DD,111,2026-03-15 02:58:20 UTC,0,T1_everyday_coffee,Theme 1 — Everyday anchoring (coffee / real world / sensory),1
DD,112,2026-03-15 02:23:33 UTC,0,T1_everyday_coffee,Theme 1 — Everyday anchoring (coffee / real world / sensory),1
DD,113,2026-03-15 02:26:37 UTC,0,T1_everyday_coffee,Theme 1 — Everyday anchoring (coffee / real world / sensory),1
DD,114,2026-03-15 06:16:45 UTC,0,T3_visual_immersion,Theme 3 — Visual / multimodal / immersion,1
DD,114,2026-03-15 06:16:45 UTC,0,T4_affect_stigma,Theme 4 — Affect / fear / stigma,1
DD,115,2026-03-15 03:19:12 UTC,0,T2_clarity_pace,Theme 2 — Clarity / pace / digestibility,1
DD,115,2026-03-15 03:19:12 UTC,0,T3_visual_immersion,Theme 3 — Visual / multimodal / immersion,1
DD,117,2026-03-15 03:41:28 UTC,0,T6_limits_friction,Theme 6 — Limits / skepticism / friction,1
DD,118,2026-03-15 03:53:03 UTC,0,T2_clarity_pace,Theme 2 — Clarity / pace / digestibility,1
DD,118,2026-03-15 03:53:03 UTC,0,T4_affect_stigma,Theme 4 — Affect / fear / stigma,1
DD,119,2026-03-15 03:58:12 UTC,0,T3_visual_immersion,Theme 3 — Visual / multimodal / immersion,1
DD,120,2026-03-15 04:24:11 UTC,0,T2_clarity_pace,Theme 2 — Clarity / pace / digestibility,1
DD,121,2026-03-15 04:30:38 UTC,0,T2_clarity_pace,Theme 2 — Clarity / pace / digestibility,1
DD,121,2026-03-15 04:30:38 UTC,0,T4_affect_stigma,Theme 4 — Affect / fear / stigma,1
DD,122,2026-03-15 04:40:13 UTC,0,T4_affect_stigma,Theme 4 — Affect / fear / stigma,1
DD,123,2026-03-15 04:56:40 UTC,0,T1_everyday_coffee,Theme 1 — Everyday anchoring (coffee / real world / sensory),1
DD,124,2026-03-15 05:58:23 UTC,0,T3_visual_immersion,Theme 3 — Visual / multimodal / immersion,1
DD,124,2026-03-15 05:58:23 UTC,0,T4_affect_stigma,Theme 4 — Affect / fear / stigma,1
DD,126,2026-03-15 06:29:49 UTC,0,T3_visual_immersion,Theme 3 — Visual / multimodal / immersion,1
DD,126,2026-03-15 06:29:49 UTC,0,T4_affect_stigma,Theme 4 — Affect / fear / stigma,1
DD,127,2026-03-15 07:09:20 UTC,0,T3_visual_immersion,Theme 3 — Visual / multimodal / immersion,1
DD,128,2026-03-15 06:44:17 UTC,0,T2_clarity_pace,Theme 2 — Clarity / pace / digestibility,1
DD,129,2026-03-15 06:57:30 UTC,0,T1_everyday_coffee,Theme 1 — Everyday anchoring (coffee / real world / sensory),1
DD,129,2026-03-15 06:57:30 UTC,0,T4_affect_stigma,Theme 4 — Affect / fear / stigma,1
DD,129,2026-03-15 06:57:30 UTC,0,T5_concepts_prior,Theme 5 — Concepts / prior knowledge,1
DD,130,2026-03-17 07:36:43 UTC,0,T1_everyday_coffee,Theme 1 — Everyday anchoring (coffee / real world / sensory),1
DD,130,2026-03-17 07:36:43 UTC,0,T2_clarity_pace,Theme 2 — Clarity / pace / digestibility,1
DD,131,2026-03-15 10:25:46 UTC,0,T2_clarity_pace,Theme 2 — Clarity / pace / digestibility,1
DD,132,2026-03-15 16:11:48 UTC,0,T2_clarity_pace,Theme 2 — Clarity / pace / digestibility,1
DD,132,2026-03-15 16:11:48 UTC,0,T5_concepts_prior,Theme 5 — Concepts / prior knowledge,1
DD,133,2026-03-15 17:25:58 UTC,0,T4_affect_stigma,Theme 4 — Affect / fear / stigma,1
DD,134,2026-03-15 17:55:35 UTC,0,T1_everyday_coffee,Theme 1 — Everyday anchoring (coffee / real world / sensory),1
DD,134,2026-03-15 17:55:35 UTC,0,T4_affect_stigma,Theme 4 — Affect / fear / stigma,1
DD,135,2026-03-15 18:41:44 UTC,0,T4_affect_stigma,Theme 4 — Affect / fear / stigma,1
DD,136,2026-03-15 18:59:11 UTC,0,T1_everyday_coffee,Theme 1 — Everyday anchoring (coffee / real world / sensory),1
DD,136,2026-03-15 18:59:11 UTC,0,T6_limits_friction,Theme 6 — Limits / skepticism / friction,1
DD,137,2026-03-15 19:38:04 UTC,0,T4_affect_stigma,Theme 4 — Affect / fear / stigma,1
DD,139,2026-03-15 20:46:31 UTC,0,T3_visual_immersion,Theme 3 — Visual / multimodal / immersion,1
DD,140,2026-03-15 21:38:49 UTC,0,T3_visual_immersion,Theme 3 — Visual / multimodal / immersion,1
DD,141,2026-03-15 22:01:41 UTC,0,T3_visual_immersion,Theme 3 — Visual / multimodal / immersion,1
DD,142,2026-03-15 22:35:13 UTC,0,T3_visual_immersion,Theme 3 — Visual / multimodal / immersion,1
DD,143,2026-03-15 22:41:17 UTC,0,T4_affect_stigma,Theme 4 — Affect / fear / stigma,1
DD,145,2026-03-15 23:06:40 UTC,0,T4_affect_stigma,Theme 4 — Affect / fear / stigma,1
DD,146,2026-03-15 23:16:28 UTC,0,T3_visual_immersion,Theme 3 — Visual / multimodal / immersion,1
DD,146,2026-03-15 23:16:28 UTC,0,T4_affect_stigma,Theme 4 — Affect / fear / stigma,1
DD,147,2026-03-16 00:17:29 UTC,0,T5_concepts_prior,Theme 5 — Concepts / prior knowledge,1
DD,148,2026-03-16 01:26:04 UTC,0,T5_concepts_prior,Theme 5 — Concepts / prior knowledge,1
DD,148,2026-03-16 01:26:04 UTC,0,T6_limits_friction,Theme 6 — Limits / skepticism / friction,1
DD,149,2026-03-16 01:55:41 UTC,0,T1_everyday_coffee,Theme 1 — Everyday anchoring (coffee / real world / sensory),1
DD,150,2026-03-16 02:26:59 UTC,0,T1_everyday_coffee,Theme 1 — Everyday anchoring (coffee / real world / sensory),1
DD,151,2026-03-16 03:10:42 UTC,0,T6_limits_friction,Theme 6 — Limits / skepticism / friction,1
DD,152,2026-03-16 03:23:39 UTC,0,T5_concepts_prior,Theme 5 — Concepts / prior knowledge,1
DD,153,2026-03-16 03:23:38 UTC,0,T5_concepts_prior,Theme 5 — Concepts / prior knowledge,1
DD,154,2026-03-16 18:08:56 UTC,0,T5_concepts_prior,Theme 5 — Concepts / prior knowledge,1
DD,155,2026-03-16 04:43:37 UTC,0,T1_everyday_coffee,Theme 1 — Everyday anchoring (coffee / real world / sensory),1
DD,155,2026-03-16 04:43:37 UTC,0,T4_affect_stigma,Theme 4 — Affect / fear / stigma,1
DD,157,2026-03-16 05:07:44 UTC,0,T6_limits_friction,Theme 6 — Limits / skepticism / friction,1
DD,158,2026-03-16 05:28:00 UTC,0,T3_visual_immersion,Theme 3 — Visual / multimodal / immersion,1
DD,158,2026-03-16 05:28:00 UTC,0,T4_affect_stigma,Theme 4 — Affect / fear / stigma,1
DD,158,2026-03-16 05:28:00 UTC,0,T5_concepts_prior,Theme 5 — Concepts / prior knowledge,1
DD,160,2026-03-16 05:48:46 UTC,0,T1_everyday_coffee,Theme 1 — Everyday anchoring (coffee / real world / sensory),1
DD,161,2026-03-16 23:44:56 UTC,0,T3_visual_immersion,Theme 3 — Visual / multimodal / immersion,1
DD,161,2026-03-16 23:44:56 UTC,0,T4_affect_stigma,Theme 4 — Affect / fear / stigma,1
DD,162,2026-03-18 02:44:11 UTC,0,T5_concepts_prior,Theme 5 — Concepts / prior knowledge,1
DD,163,2026-03-16 06:15:39 UTC,0,T1_everyday_coffee,Theme 1 — Everyday anchoring (coffee / real world / sensory),1
DD,165,2026-03-16 06:42:08 UTC,0,T1_everyday_coffee,Theme 1 — Everyday anchoring (coffee / real world / sensory),1
DD,166,2026-03-16 07:36:48 UTC,0,T1_everyday_coffee,Theme 1 — Everyday anchoring (coffee / real world / sensory),1
DD,167,2026-03-16 09:45:54 UTC,0,T1_everyday_coffee,Theme 1 — Everyday anchoring (coffee / real world / sensory),1
DD,168,2026-03-16 16:50:04 UTC,0,T4_affect_stigma,Theme 4 — Affect / fear / stigma,1
DD,169,2026-03-16 17:31:11 UTC,0,T1_everyday_coffee,Theme 1 — Everyday anchoring (coffee / real world / sensory),1
DD,170,2026-03-16 17:28:34 UTC,0,T4_affect_stigma,Theme 4 — Affect / fear / stigma,1
DD,171,2026-03-19 05:53:30 UTC,0,T1_everyday_coffee,Theme 1 — Everyday anchoring (coffee / real world / sensory),1
DD,171,2026-03-19 05:53:30 UTC,0,T4_affect_stigma,Theme 4 — Affect / fear / stigma,1
DD,171,2026-03-19 05:53:30 UTC,0,T5_concepts_prior,Theme 5 — Concepts / prior knowledge,1
DD,173,2026-03-16 18:55:40 UTC,0,T1_everyday_coffee,Theme 1 — Everyday anchoring (coffee / real world / sensory),1
DD,173,2026-03-16 18:55:40 UTC,0,T3_visual_immersion,Theme 3 — Visual / multimodal / immersion,1
DD,174,2026-03-16 20:11:33 UTC,0,T4_affect_stigma,Theme 4 — Affect / fear / stigma,1
DD,174,2026-03-16 20:11:33 UTC,0,T5_concepts_prior,Theme 5 — Concepts / prior knowledge,1
DD,176,2026-03-17 08:08:15 UTC,0,T3_visual_immersion,Theme 3 — Visual / multimodal / immersion,1
DD,177,2026-03-16 21:33:27 UTC,0,T1_everyday_coffee,Theme 1 — Everyday anchoring (coffee / real world / sensory),1
DD,177,2026-03-16 21:33:27 UTC,0,T2_clarity_pace,Theme 2 — Clarity / pace / digestibility,1
DD,178,2026-03-16 22:05:08 UTC,0,T4_affect_stigma,Theme 4 — Affect / fear / stigma,1
DD,179,2026-03-18 03:50:16 UTC,0,T1_everyday_coffee,Theme 1 — Everyday anchoring (coffee / real world / sensory),1
DD,179,2026-03-18 03:50:16 UTC,0,T5_concepts_prior,Theme 5 — Concepts / prior knowledge,1
DD,180,2026-03-18 08:16:50 UTC,0,T2_clarity_pace,Theme 2 — Clarity / pace / digestibility,1
DD,180,2026-03-18 08:16:50 UTC,0,T5_concepts_prior,Theme 5 — Concepts / prior knowledge,1
DD,181,2026-03-16 22:31:57 UTC,0,T5_concepts_prior,Theme 5 — Concepts / prior knowledge,1
DD,182,2026-03-17 02:11:44 UTC,0,T4_affect_stigma,Theme 4 — Affect / fear / stigma,1
DD,184,2026-03-16 23:59:35 UTC,0,T1_everyday_coffee,Theme 1 — Everyday anchoring (coffee / real world / sensory),1
DD,184,2026-03-16 23:59:35 UTC,0,T2_clarity_pace,Theme 2 — Clarity / pace / digestibility,1
DD,185,2026-03-16 23:53:05 UTC,0,T1_everyday_coffee,Theme 1 — Everyday anchoring (coffee / real world / sensory),1
DD,186,2026-03-17 00:08:58 UTC,0,T5_concepts_prior,Theme 5 — Concepts / prior knowledge,1
DD,187,2026-03-17 03:24:22 UTC,0,T5_concepts_prior,Theme 5 — Concepts / prior knowledge,1
DD,188,2026-03-17 03:53:52 UTC,0,T4_affect_stigma,Theme 4 — Affect / fear / stigma,1
DD,188,2026-03-17 03:53:52 UTC,0,T5_concepts_prior,Theme 5 — Concepts / prior knowledge,1
DD,189,2026-03-17 04:08:08 UTC,0,T4_affect_stigma,Theme 4 — Affect / fear / stigma,1
DD,190,2026-03-17 04:42:45 UTC,0,T4_affect_stigma,Theme 4 — Affect / fear / stigma,1
DD,191,2026-03-17 04:52:08 UTC,0,T1_everyday_coffee,Theme 1 — Everyday anchoring (coffee / real world / sensory),1
DD,192,2026-03-19 08:20:15 UTC,0,T2_clarity_pace,Theme 2 — Clarity / pace / digestibility,1
DD,192,2026-03-19 08:20:15 UTC,0,T5_concepts_prior,Theme 5 — Concepts / prior knowledge,1
DD,193,2026-03-17 12:17:24 UTC,0,T4_affect_stigma,Theme 4 — Affect / fear / stigma,1
DD,194,2026-03-20 00:36:03 UTC,0,T1_everyday_coffee,Theme 1 — Everyday anchoring (coffee / real world / sensory),1
DD,194,2026-03-20 00:36:03 UTC,0,T6_limits_friction,Theme 6 — Limits / skepticism / friction,1
DD,195,2026-03-17 22:03:30 UTC,0,T5_concepts_prior,Theme 5 — Concepts / prior knowledge,1
DD,196,2026-03-17 23:23:13 UTC,0,T1_everyday_coffee,Theme 1 — Everyday anchoring (coffee / real world / sensory),1
DD,197,2026-03-17 23:27:08 UTC,0,T2_clarity_pace,Theme 2 — Clarity / pace / digestibility,1
DD,198,2026-03-18 00:25:18 UTC,0,T2_clarity_pace,Theme 2 — Clarity / pace / digestibility,1
DD,199,2026-03-18 01:48:54 UTC,0,T1_everyday_coffee,Theme 1 — Everyday anchoring (coffee / real world / sensory),1
DD,199,2026-03-18 01:48:54 UTC,0,T5_concepts_prior,Theme 5 — Concepts / prior knowledge,1
DD,200,2026-03-18 01:52:31 UTC,0,T3_visual_immersion,Theme 3 — Visual / multimodal / immersion,1
DD,201,2026-03-18 02:47:18 UTC,0,T3_visual_immersion,Theme 3 — Visual / multimodal / immersion,1
DD,201,2026-03-18 02:47:18 UTC,0,T4_affect_stigma,Theme 4 — Affect / fear / stigma,1
DD,202,2026-03-18 02:50:21 UTC,0,T4_affect_stigma,Theme 4 — Affect / fear / stigma,1
DD,204,2026-03-18 04:54:37 UTC,0,T1_everyday_coffee,Theme 1 — Everyday anchoring (coffee / real world / sensory),1
DD,205,2026-03-20 18:06:07 UTC,0,T3_visual_immersion,Theme 3 — Visual / multimodal / immersion,1
DD,206,2026-03-18 22:32:53 UTC,0,T2_clarity_pace,Theme 2 — Clarity / pace / digestibility,1
DD,207,2026-03-19 00:40:20 UTC,0,T4_affect_stigma,Theme 4 — Affect / fear / stigma,1
DD,208,2026-03-19 06:18:49 UTC,0,T4_affect_stigma,Theme 4 — Affect / fear / stigma,1
DD,208,2026-03-19 06:18:49 UTC,0,T5_concepts_prior,Theme 5 — Concepts / prior knowledge,1
DD,209,2026-03-19 06:48:51 UTC,0,T1_everyday_coffee,Theme 1 — Everyday anchoring (coffee / real world / sensory),1
DD,209,2026-03-19 06:48:51 UTC,0,T4_affect_stigma,Theme 4 — Affect / fear / stigma,1
DD,209,2026-03-19 06:48:51 UTC,0,T5_concepts_prior,Theme 5 — Concepts / prior knowledge,1
DD,209,2026-03-19 06:48:51 UTC,0,T6_limits_friction,Theme 6 — Limits / skepticism / friction,1
DD,210,2026-03-19 23:16:07 UTC,0,T1_everyday_coffee,Theme 1 — Everyday anchoring (coffee / real world / sensory),1
DD,210,2026-03-19 23:16:07 UTC,0,T2_clarity_pace,Theme 2 — Clarity / pace / digestibility,1
DD,210,2026-03-19 23:16:07 UTC,0,T4_affect_stigma,Theme 4 — Affect / fear / stigma,1
DD,210,2026-03-19 23:16:07 UTC,0,T6_limits_friction,Theme 6 — Limits / skepticism / friction,1
MQ,1,2026-03-17 05:34:05 UTC,0,T2_clarity_pace,Theme 2 — Clarity / pace / digestibility,1
MQ,1,2026-03-17 05:34:05 UTC,0,T4_affect_stigma,Theme 4 — Affect / fear / stigma,1
MQ,1,2026-03-17 05:34:05 UTC,0,T5_concepts_prior,Theme 5 — Concepts / prior knowledge,1
MQ,2,2026-03-11 06:06:16 UTC,0,T2_clarity_pace,Theme 2 — Clarity / pace / digestibility,1
MQ,2,2026-03-11 06:06:16 UTC,0,T4_affect_stigma,Theme 4 — Affect / fear / stigma,1
MQ,3,2026-03-10 19:34:20 UTC,0,T1_everyday_coffee,Theme 1 — Everyday anchoring (coffee / real world / sensory),1
MQ,3,2026-03-10 19:34:20 UTC,0,T2_clarity_pace,Theme 2 — Clarity / pace / digestibility,1
MQ,3,2026-03-10 19:34:20 UTC,0,T3_visual_immersion,Theme 3 — Visual / multimodal / immersion,1
MQ,4,2026-03-14 08:12:16 UTC,0,T1_everyday_coffee,Theme 1 — Everyday anchoring (coffee / real world / sensory),1
MQ,4,2026-03-14 08:12:16 UTC,0,T3_visual_immersion,Theme 3 — Visual / multimodal / immersion,1
MQ,5,2026-03-11 18:19:07 UTC,0,T1_everyday_coffee,Theme 1 — Everyday anchoring (coffee / real world / sensory),1
MQ,5,2026-03-11 18:19:07 UTC,0,T3_visual_immersion,Theme 3 — Visual / multimodal / immersion,1
MQ,5,2026-03-11 18:19:07 UTC,0,T4_affect_stigma,Theme 4 — Affect / fear / stigma,1
MQ,5,2026-03-11 18:19:07 UTC,0,T5_concepts_prior,Theme 5 — Concepts / prior knowledge,1
MQ,6,2026-03-10 20:36:15 UTC,0,T3_visual_immersion,Theme 3 — Visual / multimodal / immersion,1
MQ,6,2026-03-10 20:36:15 UTC,0,T5_concepts_prior,Theme 5 — Concepts / prior knowledge,1
MQ,7,2026-03-11 05:21:25 UTC,0,T1_everyday_coffee,Theme 1 — Everyday anchoring (coffee / real world / sensory),1
MQ,7,2026-03-11 05:21:25 UTC,0,T4_affect_stigma,Theme 4 — Affect / fear / stigma,1
MQ,9,2026-03-11 22:15:53 UTC,0,T2_clarity_pace,Theme 2 — Clarity / pace / digestibility,1
MQ,9,2026-03-11 22:15:53 UTC,0,T4_affect_stigma,Theme 4 — Affect / fear / stigma,1
MQ,10,2026-03-10 23:40:22 UTC,0,T3_visual_immersion,Theme 3 — Visual / multimodal / immersion,1
MQ,11,2026-03-12 23:38:43 UTC,0,T1_everyday_coffee,Theme 1 — Everyday anchoring (coffee / real world / sensory),1
MQ,11,2026-03-12 23:38:43 UTC,0,T3_visual_immersion,Theme 3 — Visual / multimodal / immersion,1
MQ,12,2026-03-11 07:24:16 UTC,0,T3_visual_immersion,Theme 3 — Visual / multimodal / immersion,1
MQ,12,2026-03-11 07:24:16 UTC,0,T5_concepts_prior,Theme 5 — Concepts / prior knowledge,1
MQ,13,2026-03-13 03:47:15 UTC,0,T4_affect_stigma,Theme 4 — Affect / fear / stigma,1
MQ,14,2026-03-14 17:01:42 UTC,0,T1_everyday_coffee,Theme 1 — Everyday anchoring (coffee / real world / sensory),1
MQ,15,2026-03-12 21:45:12 UTC,0,T1_everyday_coffee,Theme 1 — Everyday anchoring (coffee / real world / sensory),1
MQ,15,2026-03-12 21:45:12 UTC,0,T2_clarity_pace,Theme 2 — Clarity / pace / digestibility,1
MQ,15,2026-03-12 21:45:12 UTC,0,T3_visual_immersion,Theme 3 — Visual / multimodal / immersion,1
MQ,15,2026-03-12 21:45:12 UTC,0,T5_concepts_prior,Theme 5 — Concepts / prior knowledge,1
MQ,16,2026-03-10 19:24:03 UTC,0,T1_everyday_coffee,Theme 1 — Everyday anchoring (coffee / real world / sensory),1
MQ,17,2026-03-11 19:11:39 UTC,0,T4_affect_stigma,Theme 4 — Affect / fear / stigma,1
MQ,17,2026-03-11 19:11:39 UTC,0,T6_limits_friction,Theme 6 — Limits / skepticism / friction,1
MQ,18,2026-03-12 03:59:05 UTC,0,T2_clarity_pace,Theme 2 — Clarity / pace / digestibility,1
MQ,20,2026-03-12 17:30:42 UTC,0,T1_everyday_coffee,Theme 1 — Everyday anchoring (coffee / real world / sensory),1
MQ,21,2026-03-19 19:39:17 UTC,0,T1_everyday_coffee,Theme 1 — Everyday anchoring (coffee / real world / sensory),1
MQ,22,2026-03-13 01:43:36 UTC,0,T4_affect_stigma,Theme 4 — Affect / fear / stigma,1
MQ,23,2026-03-12 17:21:54 UTC,0,T2_clarity_pace,Theme 2 — Clarity / pace / digestibility,1
MQ,23,2026-03-12 17:21:54 UTC,0,T4_affect_stigma,Theme 4 — Affect / fear / stigma,1
MQ,24,2026-03-14 07:16:34 UTC,0,T1_everyday_coffee,Theme 1 — Everyday anchoring (coffee / real world / sensory),1
MQ,25,2026-03-11 06:52:47 UTC,0,T3_visual_immersion,Theme 3 — Visual / multimodal / immersion,1
MQ,27,2026-03-16 10:06:07 UTC,0,T2_clarity_pace,Theme 2 — Clarity / pace / digestibility,1
MQ,27,2026-03-16 10:06:07 UTC,0,T3_visual_immersion,Theme 3 — Visual / multimodal / immersion,1
MQ,28,2026-03-10 21:33:48 UTC,0,T1_everyday_coffee,Theme 1 — Everyday anchoring (coffee / real world / sensory),1
MQ,29,2026-03-10 19:24:10 UTC,0,T1_everyday_coffee,Theme 1 — Everyday anchoring (coffee / real world / sensory),1
MQ,29,2026-03-10 19:24:10 UTC,0,T2_clarity_pace,Theme 2 — Clarity / pace / digestibility,1
MQ,30,2026-03-12 18:53:22 UTC,0,T1_everyday_coffee,Theme 1 — Everyday anchoring (coffee / real world / sensory),1
MQ,30,2026-03-12 18:53:22 UTC,0,T2_clarity_pace,Theme 2 — Clarity / pace / digestibility,1
MQ,30,2026-03-12 18:53:22 UTC,0,T5_concepts_prior,Theme 5 — Concepts / prior knowledge,1
MQ,31,2026-03-12 00:08:21 UTC,0,T1_everyday_coffee,Theme 1 — Everyday anchoring (coffee / real world / sensory),1
MQ,32,2026-03-11 03:38:34 UTC,0,T2_clarity_pace,Theme 2 — Clarity / pace / digestibility,1
MQ,32,2026-03-11 03:38:34 UTC,0,T3_visual_immersion,Theme 3 — Visual / multimodal / immersion,1
MQ,32,2026-03-11 03:38:34 UTC,0,T5_concepts_prior,Theme 5 — Concepts / prior knowledge,1
MQ,33,2026-03-14 05:54:40 UTC,0,T2_clarity_pace,Theme 2 — Clarity / pace / digestibility,1
MQ,33,2026-03-14 05:54:40 UTC,0,T4_affect_stigma,Theme 4 — Affect / fear / stigma,1
MQ,34,2026-03-10 23:34:26 UTC,0,T1_everyday_coffee,Theme 1 — Everyday anchoring (coffee / real world / sensory),1
MQ,35,2026-03-14 23:36:31 UTC,0,T1_everyday_coffee,Theme 1 — Everyday anchoring (coffee / real world / sensory),1
MQ,36,2026-03-11 01:16:20 UTC,0,T3_visual_immersion,Theme 3 — Visual / multimodal / immersion,1
MQ,37,2026-03-11 23:33:53 UTC,0,T1_everyday_coffee,Theme 1 — Everyday anchoring (coffee / real world / sensory),1
MQ,37,2026-03-11 23:33:53 UTC,0,T2_clarity_pace,Theme 2 — Clarity / pace / digestibility,1
MQ,37,2026-03-11 23:33:53 UTC,0,T4_affect_stigma,Theme 4 — Affect / fear / stigma,1
MQ,38,2026-03-17 02:00:08 UTC,0,T1_everyday_coffee,Theme 1 — Everyday anchoring (coffee / real world / sensory),1
MQ,39,2026-03-11 19:39:58 UTC,0,T1_everyday_coffee,Theme 1 — Everyday anchoring (coffee / real world / sensory),1
MQ,39,2026-03-11 19:39:58 UTC,0,T3_visual_immersion,Theme 3 — Visual / multimodal / immersion,1
MQ,40,2026-03-14 01:23:05 UTC,0,T5_concepts_prior,Theme 5 — Concepts / prior knowledge,1
MQ,42,2026-03-20 04:26:38 UTC,0,T2_clarity_pace,Theme 2 — Clarity / pace / digestibility,1
MQ,42,2026-03-20 04:26:38 UTC,0,T5_concepts_prior,Theme 5 — Concepts / prior knowledge,1
MQ,43,2026-03-20 04:19:44 UTC,0,T2_clarity_pace,Theme 2 — Clarity / pace / digestibility,1
MQ,43,2026-03-20 04:19:44 UTC,0,T3_visual_immersion,Theme 3 — Visual / multimodal / immersion,1
MQ,43,2026-03-20 04:19:44 UTC,0,T4_affect_stigma,Theme 4 — Affect / fear / stigma,1
MQ,44,2026-03-13 21:08:27 UTC,0,T1_everyday_coffee,Theme 1 — Everyday anchoring (coffee / real world / sensory),1
MQ,45,2026-03-12 21:24:47 UTC,0,T1_everyday_coffee,Theme 1 — Everyday anchoring (coffee / real world / sensory),1
MQ,46,2026-03-13 19:11:40 UTC,0,T4_affect_stigma,Theme 4 — Affect / fear / stigma,1
MQ,47,2026-03-14 07:13:41 UTC,0,T2_clarity_pace,Theme 2 — Clarity / pace / digestibility,1
MQ,48,2026-03-11 00:20:17 UTC,0,T1_everyday_coffee,Theme 1 — Everyday anchoring (coffee / real world / sensory),1
MQ,49,2026-03-10 17:02:08 UTC,0,T1_everyday_coffee,Theme 1 — Everyday anchoring (coffee / real world / sensory),1
MQ,49,2026-03-10 17:02:08 UTC,0,T2_clarity_pace,Theme 2 — Clarity / pace / digestibility,1
MQ,49,2026-03-10 17:02:08 UTC,0,T3_visual_immersion,Theme 3 — Visual / multimodal / immersion,1
MQ,49,2026-03-10 17:02:08 UTC,0,T6_limits_friction,Theme 6 — Limits / skepticism / friction,1
MQ,51,2026-03-17 06:57:40 UTC,0,T3_visual_immersion,Theme 3 — Visual / multimodal / immersion,1
MQ,51,2026-03-17 06:57:40 UTC,0,T4_affect_stigma,Theme 4 — Affect / fear / stigma,1
MQ,52,2026-03-13 03:53:19 UTC,0,T1_everyday_coffee,Theme 1 — Everyday anchoring (coffee / real world / sensory),1
MQ,53,2026-03-11 02:49:42 UTC,0,T6_limits_friction,Theme 6 — Limits / skepticism / friction,1
MQ,54,2026-03-11 21:02:24 UTC,0,T3_visual_immersion,Theme 3 — Visual / multimodal / immersion,1
MQ,55,2026-03-10 19:00:47 UTC,0,T1_everyday_coffee,Theme 1 — Everyday anchoring (coffee / real world / sensory),1
MQ,57,2026-03-12 01:44:59 UTC,0,T1_everyday_coffee,Theme 1 — Everyday anchoring (coffee / real world / sensory),1
MQ,58,2026-03-19 05:10:44 UTC,0,T4_affect_stigma,Theme 4 — Affect / fear / stigma,1
MQ,58,2026-03-19 05:10:44 UTC,0,T5_concepts_prior,Theme 5 — Concepts / prior knowledge,1
MQ,59,2026-03-11 06:36:42 UTC,0,T1_everyday_coffee,Theme 1 — Everyday anchoring (coffee / real world / sensory),1
MQ,60,2026-03-10 21:33:09 UTC,0,T4_affect_stigma,Theme 4 — Affect / fear / stigma,1
MQ,62,2026-03-12 01:22:20 UTC,0,T1_everyday_coffee,Theme 1 — Everyday anchoring (coffee / real world / sensory),1
MQ,63,2026-03-16 01:11:14 UTC,0,T3_visual_immersion,Theme 3 — Visual / multimodal / immersion,1
MQ,64,2026-03-16 20:15:40 UTC,0,T5_concepts_prior,Theme 5 — Concepts / prior knowledge,1
MQ,65,2026-03-13 22:20:37 UTC,0,T1_everyday_coffee,Theme 1 — Everyday anchoring (coffee / real world / sensory),1
MQ,65,2026-03-13 22:20:37 UTC,0,T2_clarity_pace,Theme 2 — Clarity / pace / digestibility,1
MQ,67,2026-03-14 00:11:37 UTC,0,T3_visual_immersion,Theme 3 — Visual / multimodal / immersion,1
MQ,68,2026-03-15 19:39:37 UTC,0,T1_everyday_coffee,Theme 1 — Everyday anchoring (coffee / real world / sensory),1
MQ,69,2026-03-11 03:36:14 UTC,0,T2_clarity_pace,Theme 2 — Clarity / pace / digestibility,1
MQ,69,2026-03-11 03:36:14 UTC,0,T3_visual_immersion,Theme 3 — Visual / multimodal / immersion,1
MQ,69,2026-03-11 03:36:14 UTC,0,T4_affect_stigma,Theme 4 — Affect / fear / stigma,1
MQ,70,2026-03-10 15:34:23 UTC,0,T4_affect_stigma,Theme 4 — Affect / fear / stigma,1
MQ,71,2026-03-10 15:40:04 UTC,0,T1_everyday_coffee,Theme 1 — Everyday anchoring (coffee / real world / sensory),1
MQ,72,2026-03-10 15:59:21 UTC,0,T5_concepts_prior,Theme 5 — Concepts / prior knowledge,1
MQ,73,2026-03-10 16:40:46 UTC,0,T3_visual_immersion,Theme 3 — Visual / multimodal / immersion,1
MQ,73,2026-03-10 16:40:46 UTC,0,T4_affect_stigma,Theme 4 — Affect / fear / stigma,1
MQ,74,2026-03-10 16:30:38 UTC,0,T4_affect_stigma,Theme 4 — Affect / fear / stigma,1
MQ,75,2026-03-10 17:16:54 UTC,0,T1_everyday_coffee,Theme 1 — Everyday anchoring (coffee / real world / sensory),1
MQ,75,2026-03-10 17:16:54 UTC,0,T2_clarity_pace,Theme 2 — Clarity / pace / digestibility,1
MQ,75,2026-03-10 17:16:54 UTC,0,T4_affect_stigma,Theme 4 — Affect / fear / stigma,1
MQ,75,2026-03-10 17:16:54 UTC,0,T5_concepts_prior,Theme 5 — Concepts / prior knowledge,1
MQ,76,2026-03-10 18:01:57 UTC,0,T4_affect_stigma,Theme 4 — Affect / fear / stigma,1
MQ,77,2026-03-10 18:22:23 UTC,0,T1_everyday_coffee,Theme 1 — Everyday anchoring (coffee / real world / sensory),1
MQ,78,2026-03-15 07:42:13 UTC,0,T2_clarity_pace,Theme 2 — Clarity / pace / digestibility,1
MQ,78,2026-03-15 07:42:13 UTC,0,T4_affect_stigma,Theme 4 — Affect / fear / stigma,1
MQ,79,2026-03-10 18:57:28 UTC,0,T2_clarity_pace,Theme 2 — Clarity / pace / digestibility,1
MQ,79,2026-03-10 18:57:28 UTC,0,T4_affect_stigma,Theme 4 — Affect / fear / stigma,1
MQ,81,2026-03-10 19:25:07 UTC,0,T2_clarity_pace,Theme 2 — Clarity / pace / digestibility,1
MQ,83,2026-03-10 20:33:18 UTC,0,T2_clarity_pace,Theme 2 — Clarity / pace / digestibility,1
MQ,83,2026-03-10 20:33:18 UTC,0,T3_visual_immersion,Theme 3 — Visual / multimodal / immersion,1
MQ,84,2026-03-10 20:49:52 UTC,0,T2_clarity_pace,Theme 2 — Clarity / pace / digestibility,1
MQ,85,2026-03-11 00:33:14 UTC,0,T1_everyday_coffee,Theme 1 — Everyday anchoring (coffee / real world / sensory),1
MQ,85,2026-03-11 00:33:14 UTC,0,T3_visual_immersion,Theme 3 — Visual / multimodal / immersion,1
MQ,86,2026-03-10 21:39:59 UTC,0,T1_everyday_coffee,Theme 1 — Everyday anchoring (coffee / real world / sensory),1
MQ,86,2026-03-10 21:39:59 UTC,0,T2_clarity_pace,Theme 2 — Clarity / pace / digestibility,1
MQ,86,2026-03-10 21:39:59 UTC,0,T3_visual_immersion,Theme 3 — Visual / multimodal / immersion,1
MQ,88,2026-03-10 22:52:53 UTC,0,T1_everyday_coffee,Theme 1 — Everyday anchoring (coffee / real world / sensory),1
MQ,89,2026-03-10 23:13:55 UTC,0,T1_everyday_coffee,Theme 1 — Everyday anchoring (coffee / real world / sensory),1
MQ,91,2026-03-10 23:24:16 UTC,0,T1_everyday_coffee,Theme 1 — Everyday anchoring (coffee / real world / sensory),1
MQ,92,2026-03-10 23:24:01 UTC,0,T4_affect_stigma,Theme 4 — Affect / fear / stigma,1
MQ,93,2026-03-11 08:26:18 UTC,0,T5_concepts_prior,Theme 5 — Concepts / prior knowledge,1
MQ,94,2026-03-11 00:06:32 UTC,0,T3_visual_immersion,Theme 3 — Visual / multimodal / immersion,1
MQ,94,2026-03-11 00:06:32 UTC,0,T4_affect_stigma,Theme 4 — Affect / fear / stigma,1
MQ,95,2026-03-11 21:17:58 UTC,0,T1_everyday_coffee,Theme 1 — Everyday anchoring (coffee / real world / sensory),1
MQ,96,2026-03-11 00:31:36 UTC,0,T1_everyday_coffee,Theme 1 — Everyday anchoring (coffee / real world / sensory),1
MQ,96,2026-03-11 00:31:36 UTC,0,T5_concepts_prior,Theme 5 — Concepts / prior knowledge,1
MQ,97,2026-03-11 00:33:47 UTC,0,T4_affect_stigma,Theme 4 — Affect / fear / stigma,1
MQ,98,2026-03-11 03:58:37 UTC,0,T1_everyday_coffee,Theme 1 — Everyday anchoring (coffee / real world / sensory),1
MQ,98,2026-03-11 03:58:37 UTC,0,T5_concepts_prior,Theme 5 — Concepts / prior knowledge,1
MQ,100,2026-03-11 02:06:27 UTC,0,T1_everyday_coffee,Theme 1 — Everyday anchoring (coffee / real world / sensory),1
MQ,100,2026-03-11 02:06:27 UTC,0,T2_clarity_pace,Theme 2 — Clarity / pace / digestibility,1
MQ,100,2026-03-11 02:06:27 UTC,0,T3_visual_immersion,Theme 3 — Visual / multimodal / immersion,1
MQ,101,2026-03-11 03:14:46 UTC,0,T1_everyday_coffee,Theme 1 — Everyday anchoring (coffee / real world / sensory),1
MQ,102,2026-03-11 03:29:46 UTC,0,T3_visual_immersion,Theme 3 — Visual / multimodal / immersion,1
MQ,102,2026-03-11 03:29:46 UTC,0,T4_affect_stigma,Theme 4 — Affect / fear / stigma,1
MQ,103,2026-03-11 04:22:35 UTC,0,T1_everyday_coffee,Theme 1 — Everyday anchoring (coffee / real world / sensory),1
MQ,105,2026-03-13 02:36:04 UTC,0,T5_concepts_prior,Theme 5 — Concepts / prior knowledge,1
MQ,106,2026-03-11 06:11:00 UTC,0,T1_everyday_coffee,Theme 1 — Everyday anchoring (coffee / real world / sensory),1
MQ,107,2026-03-11 06:24:39 UTC,0,T6_limits_friction,Theme 6 — Limits / skepticism / friction,1
MQ,108,2026-03-11 07:12:06 UTC,0,T5_concepts_prior,Theme 5 — Concepts / prior knowledge,1
MQ,109,2026-03-11 07:21:58 UTC,0,T3_visual_immersion,Theme 3 — Visual / multimodal / immersion,1
MQ,109,2026-03-11 07:21:58 UTC,0,T4_affect_stigma,Theme 4 — Affect / fear / stigma,1
MQ,109,2026-03-11 07:21:58 UTC,0,T5_concepts_prior,Theme 5 — Concepts / prior knowledge,1
MQ,111,2026-03-11 21:06:06 UTC,0,T4_affect_stigma,Theme 4 — Affect / fear / stigma,1
MQ,112,2026-03-11 16:05:38 UTC,0,T1_everyday_coffee,Theme 1 — Everyday anchoring (coffee / real world / sensory),1
MQ,114,2026-03-11 18:57:33 UTC,0,T1_everyday_coffee,Theme 1 — Everyday anchoring (coffee / real world / sensory),1
MQ,116,2026-03-11 20:24:04 UTC,0,T2_clarity_pace,Theme 2 — Clarity / pace / digestibility,1
MQ,116,2026-03-11 20:24:04 UTC,0,T3_visual_immersion,Theme 3 — Visual / multimodal / immersion,1
MQ,117,2026-03-11 21:26:43 UTC,0,T1_everyday_coffee,Theme 1 — Everyday anchoring (coffee / real world / sensory),1
MQ,118,2026-03-12 16:17:01 UTC,0,T6_limits_friction,Theme 6 — Limits / skepticism / friction,1
MQ,119,2026-03-12 03:57:14 UTC,0,T1_everyday_coffee,Theme 1 — Everyday anchoring (coffee / real world / sensory),1
MQ,121,2026-03-15 17:10:20 UTC,0,T1_everyday_coffee,Theme 1 — Everyday anchoring (coffee / real world / sensory),1
MQ,121,2026-03-15 17:10:20 UTC,0,T5_concepts_prior,Theme 5 — Concepts / prior knowledge,1
MQ,122,2026-03-11 23:25:54 UTC,0,T2_clarity_pace,Theme 2 — Clarity / pace / digestibility,1
MQ,122,2026-03-11 23:25:54 UTC,0,T4_affect_stigma,Theme 4 — Affect / fear / stigma,1
MQ,122,2026-03-11 23:25:54 UTC,0,T5_concepts_prior,Theme 5 — Concepts / prior knowledge,1
MQ,124,2026-03-11 23:57:39 UTC,0,T1_everyday_coffee,Theme 1 — Everyday anchoring (coffee / real world / sensory),1
MQ,125,2026-03-12 01:39:56 UTC,0,T1_everyday_coffee,Theme 1 — Everyday anchoring (coffee / real world / sensory),1
MQ,125,2026-03-12 01:39:56 UTC,0,T2_clarity_pace,Theme 2 — Clarity / pace / digestibility,1
MQ,127,2026-03-12 02:56:21 UTC,0,T5_concepts_prior,Theme 5 — Concepts / prior knowledge,1
MQ,128,2026-03-12 03:33:18 UTC,0,T2_clarity_pace,Theme 2 — Clarity / pace / digestibility,1
MQ,128,2026-03-12 03:33:18 UTC,0,T5_concepts_prior,Theme 5 — Concepts / prior knowledge,1
MQ,129,2026-03-12 03:36:50 UTC,0,T3_visual_immersion,Theme 3 — Visual / multimodal / immersion,1
MQ,130,2026-03-12 04:12:14 UTC,0,T2_clarity_pace,Theme 2 — Clarity / pace / digestibility,1
MQ,130,2026-03-12 04:12:14 UTC,0,T3_visual_immersion,Theme 3 — Visual / multimodal / immersion,1
MQ,130,2026-03-12 04:12:14 UTC,0,T5_concepts_prior,Theme 5 — Concepts / prior knowledge,1
MQ,131,2026-03-12 07:24:50 UTC,0,T3_visual_immersion,Theme 3 — Visual / multimodal / immersion,1
MQ,132,2026-03-12 06:58:50 UTC,0,T1_everyday_coffee,Theme 1 — Everyday anchoring (coffee / real world / sensory),1
MQ,132,2026-03-12 06:58:50 UTC,0,T2_clarity_pace,Theme 2 — Clarity / pace / digestibility,1
MQ,132,2026-03-12 06:58:50 UTC,0,T3_visual_immersion,Theme 3 — Visual / multimodal / immersion,1
MQ,133,2026-03-12 23:15:41 UTC,0,T3_visual_immersion,Theme 3 — Visual / multimodal / immersion,1
MQ,136,2026-03-15 06:30:13 UTC,0,T3_visual_immersion,Theme 3 — Visual / multimodal / immersion,1
MQ,137,2026-03-12 23:28:27 UTC,0,T1_everyday_coffee,Theme 1 — Everyday anchoring (coffee / real world / sensory),1
MQ,138,2026-03-13 00:32:58 UTC,0,T4_affect_stigma,Theme 4 — Affect / fear / stigma,1
MQ,139,2026-03-17 16:24:50 UTC,0,T1_everyday_coffee,Theme 1 — Everyday anchoring (coffee / real world / sensory),1
MQ,139,2026-03-17 16:24:50 UTC,0,T5_concepts_prior,Theme 5 — Concepts / prior knowledge,1
MQ,140,2026-03-13 05:52:45 UTC,0,T2_clarity_pace,Theme 2 — Clarity / pace / digestibility,1
MQ,141,2026-03-13 05:53:17 UTC,0,T2_clarity_pace,Theme 2 — Clarity / pace / digestibility,1
MQ,142,2026-03-13 07:37:44 UTC,0,T2_clarity_pace,Theme 2 — Clarity / pace / digestibility,1
MQ,142,2026-03-13 07:37:44 UTC,0,T3_visual_immersion,Theme 3 — Visual / multimodal / immersion,1
MQ,143,2026-03-16 21:34:42 UTC,0,T2_clarity_pace,Theme 2 — Clarity / pace / digestibility,1
MQ,144,2026-03-13 17:56:47 UTC,0,T3_visual_immersion,Theme 3 — Visual / multimodal / immersion,1
MQ,144,2026-03-13 17:56:47 UTC,0,T4_affect_stigma,Theme 4 — Affect / fear / stigma,1
MQ,145,2026-03-30 03:50:47 UTC,0,T3_visual_immersion,Theme 3 — Visual / multimodal / immersion,1
MQ,146,2026-03-14 01:03:53 UTC,0,T4_affect_stigma,Theme 4 — Affect / fear / stigma,1
MQ,147,2026-03-13 21:10:20 UTC,0,T2_clarity_pace,Theme 2 — Clarity / pace / digestibility,1
MQ,147,2026-03-13 21:10:20 UTC,0,T5_concepts_prior,Theme 5 — Concepts / prior knowledge,1
MQ,148,2026-03-13 21:48:35 UTC,0,T1_everyday_coffee,Theme 1 — Everyday anchoring (coffee / real world / sensory),1
MQ,149,2026-03-13 22:18:49 UTC,0,T1_everyday_coffee,Theme 1 — Everyday anchoring (coffee / real world / sensory),1
MQ,149,2026-03-13 22:18:49 UTC,0,T5_concepts_prior,Theme 5 — Concepts / prior knowledge,1
MQ,151,2026-03-14 05:43:11 UTC,0,T1_everyday_coffee,Theme 1 — Everyday anchoring (coffee / real world / sensory),1
MQ,152,2026-03-14 05:56:21 UTC,0,T2_clarity_pace,Theme 2 — Clarity / pace / digestibility,1
MQ,152,2026-03-14 05:56:21 UTC,0,T5_concepts_prior,Theme 5 — Concepts / prior knowledge,1
MQ,154,2026-03-16 09:05:17 UTC,0,T3_visual_immersion,Theme 3 — Visual / multimodal / immersion,1
MQ,154,2026-03-16 09:05:17 UTC,0,T4_affect_stigma,Theme 4 — Affect / fear / stigma,1
MQ,155,2026-03-14 19:45:43 UTC,0,T1_everyday_coffee,Theme 1 — Everyday anchoring (coffee / real world / sensory),1
MQ,155,2026-03-14 19:45:43 UTC,0,T3_visual_immersion,Theme 3 — Visual / multimodal / immersion,1
MQ,156,2026-03-15 00:24:48 UTC,0,T1_everyday_coffee,Theme 1 — Everyday anchoring (coffee / real world / sensory),1
MQ,157,2026-03-15 00:45:34 UTC,0,T1_everyday_coffee,Theme 1 — Everyday anchoring (coffee / real world / sensory),1
MQ,157,2026-03-15 00:45:34 UTC,0,T2_clarity_pace,Theme 2 — Clarity / pace / digestibility,1
MQ,157,2026-03-15 00:45:34 UTC,0,T3_visual_immersion,Theme 3 — Visual / multimodal / immersion,1
MQ,158,2026-03-15 01:17:32 UTC,0,T5_concepts_prior,Theme 5 — Concepts / prior knowledge,1
MQ,159,2026-03-15 23:25:47 UTC,0,T2_clarity_pace,Theme 2 — Clarity / pace / digestibility,1
MQ,160,2026-03-15 23:51:03 UTC,0,T1_everyday_coffee,Theme 1 — Everyday anchoring (coffee / real world / sensory),1
MQ,160,2026-03-15 23:51:03 UTC,0,T2_clarity_pace,Theme 2 — Clarity / pace / digestibility,1
MQ,161,2026-03-16 04:15:53 UTC,0,T1_everyday_coffee,Theme 1 — Everyday anchoring (coffee / real world / sensory),1
MQ,163,2026-03-16 22:35:33 UTC,0,T1_everyday_coffee,Theme 1 — Everyday anchoring (coffee / real world / sensory),1
MQ,163,2026-03-16 22:35:33 UTC,0,T2_clarity_pace,Theme 2 — Clarity / pace / digestibility,1
MQ,165,2026-03-17 04:03:48 UTC,0,T3_visual_immersion,Theme 3 — Visual / multimodal / immersion,1
MQ,167,2026-03-17 05:57:40 UTC,0,T5_concepts_prior,Theme 5 — Concepts / prior knowledge,1
MQ,169,2026-03-17 22:47:56 UTC,0,T2_clarity_pace,Theme 2 — Clarity / pace / digestibility,1
MQ,169,2026-03-17 22:47:56 UTC,0,T3_visual_immersion,Theme 3 — Visual / multimodal / immersion,1
MQ,170,2026-03-18 07:17:43 UTC,0,T1_everyday_coffee,Theme 1 — Everyday anchoring (coffee / real world / sensory),1
MQ,171,2026-03-20 02:50:05 UTC,0,T1_everyday_coffee,Theme 1 — Everyday anchoring (coffee / real world / sensory),1
